Price,Odometer,Accident,Option,Clean,Height,Temp
995.0,77641.0,1,1,1,176.0,12.0
1102.0,64002.0,2,2,3,163.0,15.0
1028.0,69787.0,1,1,1,170.0,19.0
1245.0,82409.0,0,3,2,168.0,13.0
1246.0,78676.0,0,2,3,177.0,16.0
1280.0,50227.0,0,1,3,167.0,7.0
988.0,69501.0,1,2,1,173.0,15.0
1079.0,58486.0,1,2,1,167.0,18.0
1386.0,58968.0,0,2,3,172.0,18.0
1277.0,64106.0,1,3,3,164.0,11.0
1326.0,61440.0,0,3,3,171.0,12.0
993.0,74543.0,1,2,1,163.0,16.0
1258.0,67610.0,0,3,2,162.0,14.0
1330.0,61217.0,0,1,3,169.0,16.0
1092.0,64439.0,0,1,1,163.0,21.0
1147.0,63337.0,0,1,3,172.0,19.0
1169.0,74941.0,0,3,1,176.0,8.0
1151.0,57948.0,0,2,1,170.0,20.0
1071.0,63131.0,0,1,1,172.0,19.0
1126.0,51459.0,0,1,1,175.0,24.0
1624.0,34470.0,0,3,3,180.0,20.0
1210.0,66536.0,1,3,2,168.0,17.0
1338.0,68644.0,0,3,3,173.0,17.0
1382.0,52578.0,0,2,3,173.0,18.0
938.0,82698.0,0,2,2,161.0,6.0
1333.0,45456.0,0,3,1,172.0,14.0
1266.0,60458.0,0,1,2,170.0,16.0
1394.0,58128.0,0,3,3,170.0,15.0
972.0,75328.0,0,1,1,176.0,18.0
1267.0,74694.0,0,3,3,159.0,6.0
1117.0,61549.0,0,2,1,166.0,22.0
1211.0,63782.0,0,1,3,173.0,17.0
1312.0,51122.0,0,2,1,163.0,16.0
1378.0,40192.0,0,1,3,165.0,21.0
1201.0,56521.0,0,1,1,170.0,14.0
1295.0,61563.0,0,3,2,167.0,16.0
1133.0,72303.0,0,1,3,177.0,13.0
1216.0,72024.0,0,3,2,171.0,14.0
1217.0,56127.0,0,2,1,173.0,14.0
1198.0,56977.0,0,3,1,171.0,12.0
1306.0,49514.0,0,2,2,171.0,8.0
1308.0,45800.0,0,2,1,168.0,16.0
1401.0,42937.0,0,3,1,175.0,16.0
819.0,79508.0,1,1,1,173.0,11.0
1279.0,54903.0,0,2,2,161.0,17.0
1233.0,55619.0,0,1,3,173.0,10.0
1446.0,47472.0,0,2,3,173.0,19.0
1348.0,67775.0,0,2,3,168.0,17.0
1242.0,43861.0,1,2,1,176.0,22.0
1206.0,57873.0,0,3,1,167.0,13.0
1334.0,51045.0,0,3,2,170.0,15.0
1260.0,63869.0,0,2,2,178.0,14.0
1256.0,54892.0,0,3,2,169.0,20.0
1325.0,48194.0,0,3,2,173.0,14.0
1166.0,59718.0,0,2,1,167.0,22.0
1261.0,64283.0,0,2,2,173.0,13.0
1265.0,60665.0,0,3,2,172.0,14.0
1219.0,63025.0,1,3,2,171.0,17.0
1317.0,53657.0,0,2,3,171.0,17.0
1283.0,56373.0,0,3,1,181.0,15.0
1269.0,53275.0,0,2,2,177.0,12.0
1106.0,56404.0,0,1,1,177.0,21.0
1367.0,51869.0,0,2,2,168.0,18.0
1490.0,42737.0,0,2,3,173.0,15.0
1286.0,61774.0,0,2,3,169.0,12.0
1110.0,55982.0,0,1,1,169.0,15.0
1352.0,43698.0,0,2,2,166.0,17.0
1108.0,64628.0,2,2,3,172.0,15.0
1277.0,50927.0,0,2,2,167.0,12.0
1060.0,60519.0,2,1,2,167.0,15.0
1242.0,67291.0,0,1,3,164.0,17.0
1319.0,61290.0,0,3,3,164.0,10.0
1141.0,71394.0,0,1,3,164.0,11.0
1188.0,47652.0,0,2,1,169.0,6.0
1007.0,64023.0,2,2,1,171.0,10.0
1269.0,53152.0,0,3,1,177.0,21.0
1286.0,51292.0,1,3,1,169.0,16.0
1304.0,54212.0,0,2,3,161.0,14.0
1393.0,56884.0,0,3,3,161.0,14.0
1132.0,60562.0,0,1,3,175.0,6.0
1303.0,48349.0,0,2,2,167.0,17.0
1186.0,69008.0,0,2,3,168.0,19.0
1176.0,64657.0,0,1,3,167.0,21.0
1372.0,44638.0,0,2,3,179.0,20.0
1227.0,74883.0,0,2,3,171.0,15.0
1040.0,78959.0,0,1,3,166.0,20.0
1015.0,71788.0,0,3,1,175.0,16.0
1266.0,58201.0,0,2,1,172.0,13.0
1338.0,49292.0,0,1,3,173.0,16.0
1127.0,70545.0,0,1,2,167.0,14.0
1285.0,55968.0,0,3,2,177.0,11.0
1230.0,72224.0,0,3,2,173.0,19.0
1220.0,62083.0,0,2,2,165.0,16.0
1190.0,69766.0,0,1,3,170.0,14.0
1126.0,63564.0,1,2,2,167.0,13.0
929.0,67066.0,1,1,1,175.0,9.0
1207.0,60105.0,0,1,2,171.0,11.0
1192.0,77859.0,0,2,2,164.0,15.0
1291.0,61269.0,0,2,2,162.0,13.0
1129.0,64020.0,0,1,2,171.0,16.0
946.0,78832.0,0,1,1,166.0,15.0
1315.0,46522.0,0,2,2,176.0,20.0
1113.0,47295.0,2,3,1,182.0,20.0
1094.0,69694.0,0,1,2,178.0,17.0
1355.0,48269.0,0,3,1,171.0,16.0
1245.0,79436.0,0,2,3,171.0,15.0
1308.0,55864.0,0,3,1,172.0,11.0
1327.0,52525.0,0,3,1,168.0,16.0
1033.0,79229.0,0,1,2,172.0,15.0
816.0,74805.0,1,1,1,170.0,8.0
1032.0,78676.0,0,3,1,159.0,11.0
1124.0,69060.0,0,1,1,167.0,18.0
1213.0,51388.0,1,3,2,172.0,11.0
1198.0,79101.0,1,3,3,170.0,14.0
1344.0,57320.0,0,2,3,173.0,17.0
1176.0,68025.0,0,3,2,180.0,12.0
1227.0,69473.0,0,2,3,169.0,11.0
1126.0,58450.0,0,1,2,177.0,24.0
1114.0,66141.0,1,3,2,178.0,14.0
975.0,69222.0,2,2,1,170.0,16.0
1216.0,63764.0,0,2,2,165.0,18.0
1481.0,49006.0,0,2,3,170.0,19.0
1182.0,62982.0,0,3,2,170.0,6.0
946.0,73264.0,0,1,1,169.0,16.0
1303.0,53054.0,0,3,1,168.0,17.0
1234.0,58504.0,0,1,3,170.0,17.0
1205.0,55648.0,1,2,3,173.0,17.0
1111.0,78493.0,0,3,3,162.0,16.0
1113.0,66723.0,0,2,1,165.0,18.0
1019.0,64075.0,1,1,2,162.0,11.0
1316.0,52301.0,0,2,2,171.0,11.0
1133.0,65392.0,0,2,1,174.0,14.0
1263.0,53257.0,0,1,2,173.0,13.0
1235.0,60318.0,0,1,2,168.0,19.0
1231.0,53642.0,1,2,2,172.0,17.0
1087.0,66764.0,0,1,1,175.0,17.0
1314.0,65766.0,0,3,2,174.0,12.0
1305.0,57917.0,1,3,3,167.0,14.0
1008.0,63960.0,1,1,1,162.0,20.0
1424.0,49069.0,0,3,1,167.0,14.0
1344.0,45087.0,0,2,2,167.0,18.0
1228.0,64394.0,0,1,3,166.0,15.0
1173.0,61667.0,0,3,1,181.0,19.0
1110.0,66350.0,0,1,2,166.0,14.0
1096.0,83831.0,0,3,1,171.0,19.0
810.0,69445.0,2,1,1,169.0,16.0
1142.0,50872.0,0,2,1,171.0,16.0
1216.0,71170.0,0,2,3,159.0,21.0
1316.0,46841.0,0,1,3,175.0,15.0
1423.0,55384.0,0,3,3,167.0,11.0
1368.0,59318.0,0,3,3,166.0,18.0
942.0,77133.0,1,1,3,166.0,12.0
1404.0,52552.0,0,3,3,162.0,14.0
1278.0,51736.0,1,3,2,180.0,20.0
1294.0,59015.0,0,1,3,167.0,15.0
1460.0,53365.0,0,3,3,175.0,16.0
969.0,71266.0,1,2,1,172.0,14.0
1440.0,49201.0,0,3,1,177.0,15.0
1323.0,48525.0,0,1,3,168.0,18.0
1308.0,55622.0,0,1,3,180.0,22.0
1126.0,55020.0,0,1,1,172.0,20.0
1005.0,79295.0,0,2,1,162.0,12.0
1185.0,69494.0,0,3,1,173.0,16.0
1163.0,60876.0,0,1,1,170.0,18.0
1197.0,47746.0,0,1,1,166.0,16.0
1018.0,68444.0,0,1,1,172.0,11.0
1373.0,49998.0,1,3,1,165.0,16.0
1282.0,44552.0,1,3,2,171.0,19.0
1264.0,71880.0,0,3,3,172.0,17.0
1373.0,63169.0,0,3,3,171.0,16.0
1143.0,69209.0,1,3,1,175.0,17.0
1392.0,63187.0,0,3,3,167.0,17.0
954.0,68568.0,0,1,1,165.0,10.0
1237.0,53490.0,1,2,2,172.0,19.0
1128.0,49658.0,2,1,2,162.0,19.0
1200.0,66816.0,0,2,3,179.0,12.0
1230.0,51966.0,0,1,2,168.0,19.0
1259.0,53105.0,0,1,1,173.0,14.0
1111.0,55445.0,1,2,2,172.0,23.0
1150.0,60175.0,0,1,1,173.0,14.0
1333.0,56460.0,0,2,3,166.0,13.0
1208.0,46250.0,0,2,1,174.0,8.0
1389.0,53564.0,0,2,3,167.0,17.0
1448.0,37766.0,0,1,3,173.0,17.0
1149.0,66252.0,0,3,1,166.0,13.0
1402.0,43979.0,0,1,3,166.0,19.0
1172.0,48956.0,1,1,3,179.0,17.0
1209.0,60522.0,0,2,2,171.0,11.0
1209.0,52604.0,1,2,2,166.0,10.0
832.0,75430.0,2,3,1,167.0,16.0
1334.0,47071.0,0,2,1,171.0,17.0
1124.0,62671.0,1,3,3,171.0,3.0
1250.0,59607.0,0,1,2,169.0,17.0
1049.0,48319.0,2,2,3,159.0,21.0
1137.0,65233.0,0,1,1,171.0,17.0
1322.0,58285.0,0,3,1,171.0,14.0
1233.0,67718.0,0,3,2,168.0,20.0
1298.0,68235.0,0,3,3,167.0,15.0
1014.0,81632.0,0,1,2,160.0,14.0
1195.0,73365.0,0,3,1,169.0,15.0
1221.0,56308.0,0,3,1,182.0,20.0
1211.0,57606.0,0,1,2,167.0,17.0
1142.0,70997.0,0,1,2,163.0,19.0
1259.0,66553.0,0,3,3,177.0,11.0
1106.0,66401.0,0,2,2,173.0,6.0
1559.0,43830.0,0,3,3,163.0,13.0
1252.0,59757.0,0,2,1,163.0,14.0
1240.0,52620.0,0,1,2,174.0,13.0
1184.0,62799.0,0,1,2,169.0,17.0
1351.0,59018.0,0,1,3,167.0,17.0
1283.0,69102.0,0,1,3,164.0,17.0
1234.0,63172.0,0,1,3,165.0,17.0
1009.0,67863.0,0,1,1,175.0,17.0
1252.0,55336.0,0,1,2,175.0,17.0
1222.0,50556.0,1,2,2,174.0,13.0
1166.0,55900.0,2,3,3,169.0,17.0
1208.0,59830.0,0,3,1,173.0,17.0
1161.0,63792.0,0,1,2,172.0,12.0
887.0,82593.0,1,1,1,172.0,16.0
1264.0,59577.0,0,1,3,173.0,17.0
1294.0,50441.0,1,3,3,166.0,20.0
1220.0,56540.0,0,2,1,168.0,10.0
1299.0,55364.0,0,2,1,176.0,16.0
1157.0,64815.0,0,2,1,175.0,19.0
1329.0,44592.0,0,3,1,174.0,17.0
1097.0,60633.0,0,2,1,173.0,15.0
939.0,61565.0,1,1,1,162.0,12.0
1103.0,62322.0,1,1,3,163.0,9.0
1221.0,54027.0,0,3,1,167.0,7.0
957.0,57621.0,2,2,1,161.0,14.0
1435.0,45759.0,0,3,2,163.0,18.0
1390.0,55067.0,0,3,3,171.0,11.0
1314.0,54571.0,0,2,3,166.0,20.0
1121.0,64161.0,1,2,3,171.0,14.0
1154.0,48438.0,0,1,1,161.0,12.0
1149.0,67812.0,0,2,1,167.0,18.0
1142.0,74945.0,0,2,1,164.0,14.0
1286.0,39300.0,0,1,1,181.0,13.0
1046.0,64263.0,2,1,2,159.0,17.0
1061.0,66769.0,0,1,1,166.0,16.0
1226.0,53626.0,0,1,1,169.0,15.0
1311.0,56027.0,0,2,2,169.0,15.0
1321.0,58671.0,0,3,1,165.0,11.0
1245.0,57022.0,0,3,1,173.0,15.0
1383.0,56910.0,0,3,2,179.0,14.0
1408.0,43240.0,0,1,1,162.0,15.0
913.0,71523.0,2,2,1,171.0,17.0
984.0,70796.0,1,3,1,165.0,15.0
1290.0,51866.0,0,2,3,163.0,14.0
1204.0,45336.0,1,2,1,166.0,13.0
1080.0,65211.0,0,1,1,171.0,18.0
1247.0,54242.0,0,1,1,170.0,13.0
1304.0,61420.0,0,2,3,166.0,14.0
1320.0,56807.0,0,2,2,175.0,9.0
1151.0,66915.0,0,2,2,157.0,21.0
1094.0,66947.0,0,2,1,170.0,8.0
1303.0,52744.0,0,2,2,180.0,18.0
1277.0,46166.0,0,2,1,171.0,13.0
1328.0,44171.0,0,1,3,165.0,15.0
1161.0,66104.0,0,2,2,164.0,8.0
1513.0,48111.0,0,2,3,170.0,17.0
1428.0,54932.0,0,3,2,174.0,15.0
1333.0,54037.0,1,3,3,160.0,12.0
1438.0,59474.0,0,3,3,175.0,15.0
1289.0,40637.0,0,1,1,175.0,11.0
1111.0,61888.0,0,2,1,171.0,17.0
1212.0,65239.0,0,1,2,162.0,16.0
1289.0,60884.0,0,2,3,169.0,6.0
1149.0,56891.0,0,1,2,166.0,15.0
1195.0,60974.0,0,1,1,160.0,12.0
1127.0,63990.0,0,1,3,160.0,10.0
1424.0,32274.0,0,1,1,167.0,16.0
1112.0,79559.0,1,3,2,160.0,17.0
1263.0,63901.0,0,1,3,167.0,12.0
1170.0,53476.0,1,1,1,174.0,19.0
1406.0,56090.0,0,2,3,168.0,11.0
1195.0,64937.0,0,2,3,168.0,6.0
1234.0,58839.0,0,3,2,174.0,16.0
1268.0,39693.0,0,1,1,169.0,20.0
1181.0,80645.0,0,2,3,175.0,13.0
1121.0,58895.0,0,1,2,164.0,18.0
1121.0,70202.0,0,1,1,167.0,14.0
1329.0,53080.0,0,1,2,168.0,14.0
1059.0,75364.0,0,2,1,170.0,14.0
1062.0,62863.0,1,2,3,162.0,24.0
1046.0,66088.0,0,1,2,174.0,17.0
1240.0,49547.0,0,1,1,167.0,10.0
945.0,72111.0,1,1,2,168.0,21.0
1303.0,66898.0,0,2,3,167.0,19.0
1112.0,73018.0,0,1,3,160.0,16.0
1282.0,53719.0,0,3,1,173.0,13.0
1165.0,55190.0,0,1,1,179.0,18.0
1069.0,83039.0,0,3,1,169.0,17.0
1294.0,49400.0,1,2,3,168.0,19.0
1259.0,58641.0,0,1,2,179.0,18.0
1107.0,71369.0,0,2,1,163.0,13.0
1331.0,60977.0,0,3,2,170.0,8.0
1146.0,65830.0,0,2,3,165.0,11.0
1285.0,56006.0,0,2,2,178.0,18.0
1238.0,63701.0,0,2,1,173.0,11.0
1228.0,46935.0,0,1,1,168.0,19.0
900.0,76581.0,1,2,1,166.0,15.0
1330.0,58818.0,1,3,3,166.0,12.0
1334.0,53198.0,0,1,3,174.0,10.0
1390.0,66664.0,0,3,3,165.0,10.0
1283.0,55393.0,0,3,2,170.0,15.0
1267.0,46657.0,0,1,1,162.0,13.0
1476.0,46533.0,0,2,3,164.0,18.0
1238.0,66938.0,0,2,3,172.0,16.0
1102.0,58404.0,1,2,1,177.0,13.0
1111.0,58663.0,1,2,1,164.0,18.0
1066.0,70777.0,0,2,1,169.0,15.0
1473.0,48732.0,0,3,2,172.0,19.0
1473.0,52693.0,0,3,2,167.0,15.0
1336.0,56151.0,0,1,3,177.0,15.0
1272.0,60944.0,0,2,2,171.0,15.0
1136.0,59578.0,1,2,3,173.0,13.0
1332.0,57131.0,0,2,1,176.0,18.0
1330.0,59384.0,0,3,2,172.0,14.0
1175.0,58927.0,1,1,3,172.0,19.0
1335.0,52804.0,0,2,3,174.0,16.0
1267.0,51870.0,0,1,2,179.0,15.0
1177.0,62745.0,1,3,3,174.0,4.0
1242.0,51091.0,0,2,1,164.0,13.0
1394.0,48426.0,0,3,3,166.0,8.0
1117.0,56877.0,1,2,1,171.0,11.0
1194.0,58423.0,0,1,2,171.0,12.0
1096.0,82567.0,0,2,2,176.0,7.0
1324.0,52953.0,0,2,3,170.0,18.0
1193.0,69433.0,0,3,2,172.0,18.0
1128.0,67472.0,0,1,2,172.0,22.0
1209.0,48111.0,0,1,1,163.0,8.0
1030.0,67733.0,0,2,1,167.0,14.0
1423.0,48161.0,0,3,2,166.0,18.0
1475.0,33408.0,0,2,2,169.0,9.0
1359.0,66063.0,0,3,3,172.0,12.0
1235.0,42441.0,0,2,1,161.0,16.0
1138.0,64509.0,0,2,2,171.0,15.0
1348.0,53160.0,0,3,3,179.0,18.0
992.0,76596.0,0,2,1,162.0,14.0
1116.0,70685.0,1,1,3,173.0,16.0
1293.0,55466.0,0,1,2,167.0,12.0
1411.0,53122.0,0,3,2,167.0,18.0
1377.0,47859.0,1,3,2,168.0,14.0
1245.0,55591.0,0,2,1,176.0,11.0
1187.0,57196.0,1,2,1,164.0,20.0
1114.0,56353.0,0,1,2,175.0,9.0
1397.0,61567.0,0,3,3,172.0,15.0
1334.0,65785.0,0,3,2,171.0,17.0
1203.0,63497.0,0,1,2,172.0,18.0
1351.0,52359.0,0,3,1,168.0,18.0
1448.0,45622.0,0,2,3,173.0,16.0
1218.0,73645.0,0,3,3,161.0,17.0
1312.0,53106.0,0,3,1,167.0,11.0
1323.0,53477.0,0,2,3,174.0,12.0
1338.0,54788.0,0,2,3,174.0,14.0
1170.0,41569.0,2,1,2,178.0,15.0
1241.0,55220.0,0,1,3,165.0,11.0
1020.0,55203.0,0,1,1,174.0,6.0
1188.0,66204.0,1,3,2,169.0,18.0
1286.0,66985.0,0,2,2,162.0,17.0
1273.0,60038.0,0,3,1,170.0,17.0
1147.0,69318.0,1,2,3,175.0,8.0
1123.0,63400.0,1,2,2,176.0,12.0
1415.0,59843.0,0,3,3,175.0,8.0
1451.0,61609.0,0,3,3,172.0,18.0
1399.0,58093.0,0,3,3,168.0,16.0
1305.0,56052.0,0,2,1,174.0,14.0
1397.0,57323.0,0,2,3,173.0,19.0
1371.0,48720.0,0,3,2,165.0,11.0
1308.0,62804.0,0,2,2,169.0,17.0
1189.0,50069.0,0,2,1,169.0,15.0
1195.0,68416.0,0,3,2,171.0,21.0
1323.0,57505.0,0,2,3,174.0,15.0
1012.0,60495.0,1,1,2,173.0,12.0
1168.0,64938.0,0,3,1,165.0,10.0
1180.0,66433.0,1,1,3,172.0,17.0
1394.0,44294.0,0,1,3,164.0,16.0
1182.0,57931.0,0,1,1,174.0,16.0
1070.0,68802.0,0,1,2,165.0,12.0
1358.0,43019.0,0,1,3,170.0,9.0
1255.0,63873.0,0,1,2,172.0,11.0
1591.0,37444.0,0,3,3,176.0,17.0
1251.0,49775.0,1,3,1,168.0,20.0
1167.0,60386.0,0,2,2,170.0,21.0
1429.0,43433.0,0,3,1,172.0,15.0
1218.0,50145.0,0,1,1,166.0,14.0
1343.0,45282.0,1,3,3,159.0,24.0
994.0,76481.0,0,1,1,171.0,7.0
1100.0,61642.0,1,1,2,178.0,11.0
1363.0,65673.0,0,3,3,171.0,13.0
1222.0,57773.0,0,1,3,174.0,14.0
1042.0,56466.0,1,1,1,182.0,16.0
1408.0,43835.0,0,1,3,166.0,11.0
1132.0,57082.0,0,1,1,163.0,18.0
1313.0,52385.0,0,1,3,176.0,17.0
1212.0,68579.0,0,3,2,163.0,12.0
1011.0,71411.0,0,1,1,176.0,20.0
1068.0,74666.0,1,3,2,169.0,7.0
1099.0,68526.0,0,3,2,171.0,23.0
1209.0,54013.0,2,3,2,174.0,16.0
1388.0,48841.0,0,3,3,166.0,18.0
1291.0,67667.0,0,3,2,170.0,12.0
1264.0,63563.0,0,1,2,178.0,14.0
1436.0,42315.0,0,3,3,164.0,15.0
1186.0,63555.0,1,3,3,176.0,8.0
1120.0,68145.0,0,2,1,173.0,17.0
1313.0,60589.0,0,3,3,164.0,14.0
1311.0,58149.0,0,3,3,175.0,21.0
1265.0,51924.0,0,2,1,170.0,18.0
1113.0,45535.0,2,3,1,165.0,9.0
1000.0,68003.0,0,1,1,170.0,22.0
1294.0,56909.0,0,3,2,167.0,20.0
1308.0,57665.0,0,2,3,176.0,19.0
1146.0,77327.0,0,3,3,171.0,17.0
1029.0,66845.0,0,1,1,162.0,11.0
1169.0,63708.0,1,3,1,168.0,15.0
1262.0,61421.0,0,1,3,171.0,14.0
953.0,75200.0,0,1,1,163.0,17.0
1200.0,77196.0,0,2,3,173.0,14.0
1150.0,69295.0,1,2,3,170.0,11.0
1141.0,65822.0,0,1,3,173.0,9.0
1273.0,39054.0,1,3,1,168.0,20.0
1350.0,61237.0,0,2,3,177.0,12.0
1343.0,58699.0,0,2,2,169.0,15.0
1233.0,60940.0,0,1,3,170.0,20.0
1208.0,69430.0,0,2,1,173.0,16.0
1584.0,32603.0,0,3,3,169.0,19.0
1278.0,54307.0,0,2,2,178.0,10.0
1409.0,62699.0,0,3,3,164.0,14.0
1254.0,55332.0,0,1,2,174.0,21.0
1241.0,45831.0,0,1,2,172.0,20.0
1344.0,68690.0,0,2,3,168.0,16.0
1135.0,62769.0,0,2,1,169.0,18.0
1168.0,50289.0,1,1,3,174.0,9.0
1230.0,63148.0,0,2,2,170.0,13.0
1218.0,68216.0,0,2,3,168.0,17.0
1319.0,60053.0,1,3,3,172.0,15.0
1101.0,68006.0,1,2,1,169.0,19.0
1263.0,60783.0,0,1,2,173.0,22.0
1196.0,56048.0,0,1,1,176.0,17.0
1190.0,48406.0,0,1,1,159.0,16.0
1246.0,59141.0,0,3,3,174.0,6.0
1252.0,61943.0,0,2,3,171.0,16.0
984.0,68758.0,2,3,2,166.0,10.0
1121.0,58849.0,1,1,2,168.0,15.0
1211.0,64574.0,0,1,2,166.0,16.0
1269.0,50354.0,0,1,2,170.0,18.0
1293.0,52174.0,0,1,1,171.0,13.0
1286.0,58896.0,0,3,2,176.0,18.0
1301.0,49454.0,0,1,2,168.0,12.0
1359.0,68202.0,0,3,3,168.0,14.0
1068.0,64631.0,0,2,1,177.0,9.0
1171.0,62791.0,0,2,2,173.0,17.0
1025.0,63389.0,1,2,1,177.0,15.0
1203.0,80210.0,0,3,3,167.0,9.0
1297.0,55311.0,0,2,1,168.0,16.0
1243.0,37986.0,1,2,1,171.0,15.0
1165.0,61993.0,0,1,2,173.0,15.0
1129.0,59494.0,1,1,1,178.0,17.0
1350.0,54825.0,0,3,2,173.0,14.0
1451.0,50212.0,0,3,3,165.0,14.0
1329.0,55608.0,0,2,2,168.0,12.0
1136.0,61813.0,1,1,3,172.0,20.0
1281.0,54972.0,0,1,3,173.0,18.0
1016.0,84125.0,0,2,2,163.0,23.0
1274.0,50395.0,0,2,2,165.0,16.0
1207.0,52069.0,0,2,1,176.0,19.0
1400.0,37114.0,0,3,2,171.0,11.0
1279.0,62515.0,0,3,3,168.0,19.0
1220.0,39836.0,1,1,1,168.0,13.0
1207.0,54605.0,0,1,2,172.0,21.0
1161.0,57243.0,0,1,1,179.0,15.0
1274.0,52903.0,0,3,1,164.0,20.0
1136.0,77389.0,0,1,3,166.0,12.0
1122.0,69944.0,1,1,3,167.0,16.0
1116.0,73191.0,1,1,3,163.0,15.0
1304.0,51176.0,0,3,2,166.0,20.0
1374.0,71286.0,0,3,3,170.0,16.0
1180.0,64960.0,0,2,1,176.0,15.0
1230.0,67714.0,0,1,3,169.0,16.0
1153.0,70294.0,0,3,1,165.0,19.0
1397.0,50912.0,0,1,3,174.0,17.0
1289.0,55757.0,0,3,1,172.0,15.0
1197.0,68626.0,0,2,2,174.0,15.0
1462.0,33444.0,0,3,1,170.0,17.0
1167.0,75133.0,0,3,1,171.0,15.0
1044.0,65531.0,0,1,2,172.0,10.0
1090.0,59543.0,0,1,2,167.0,21.0
1315.0,62205.0,0,1,3,167.0,12.0
1464.0,49701.0,0,3,3,180.0,14.0
1123.0,56501.0,1,1,2,167.0,15.0
1181.0,71003.0,0,1,2,164.0,17.0
943.0,72980.0,2,2,2,180.0,17.0
1057.0,86962.0,0,1,3,165.0,19.0
1285.0,59261.0,0,1,3,164.0,17.0
1311.0,53414.0,0,3,2,168.0,11.0
1198.0,54858.0,1,2,2,180.0,14.0
1204.0,49820.0,1,1,1,167.0,16.0
1246.0,59221.0,0,1,2,170.0,13.0
1392.0,63827.0,0,3,3,171.0,12.0
1252.0,59658.0,0,1,3,180.0,16.0
1071.0,70963.0,0,1,2,171.0,18.0
1262.0,57658.0,1,1,3,177.0,15.0
1251.0,56525.0,0,2,2,167.0,17.0
1177.0,54187.0,0,2,1,168.0,19.0
1467.0,43674.0,0,2,3,173.0,16.0
1344.0,44322.0,0,1,3,170.0,17.0
1384.0,48208.0,0,3,2,172.0,11.0
1180.0,73014.0,0,3,2,164.0,15.0
1045.0,68953.0,1,1,3,162.0,10.0
1167.0,73750.0,0,3,2,173.0,14.0
1500.0,46678.0,0,3,3,173.0,14.0
1454.0,40314.0,0,3,1,175.0,19.0
1178.0,53399.0,0,2,1,182.0,21.0
1221.0,61758.0,1,3,3,171.0,15.0
1259.0,64987.0,1,2,2,172.0,14.0
1106.0,70480.0,0,1,3,171.0,19.0
1236.0,62843.0,0,1,2,171.0,11.0
1170.0,77427.0,1,3,3,163.0,14.0
1170.0,57774.0,0,2,1,173.0,8.0
1198.0,50869.0,0,2,1,168.0,14.0
1203.0,43188.0,0,1,1,174.0,15.0
1250.0,51110.0,0,2,1,167.0,10.0
1294.0,62421.0,0,1,3,167.0,21.0
1229.0,51113.0,1,3,1,174.0,12.0
1066.0,69367.0,1,2,2,172.0,9.0
987.0,74123.0,0,1,1,178.0,19.0
1353.0,36304.0,0,2,2,168.0,16.0
1051.0,68641.0,0,1,1,169.0,19.0
1466.0,37604.0,0,3,2,164.0,13.0
1094.0,64015.0,0,2,1,169.0,14.0
1143.0,72249.0,0,2,3,168.0,14.0
1120.0,60649.0,0,2,1,175.0,21.0
1233.0,47203.0,0,2,1,172.0,18.0
1275.0,54146.0,1,1,3,166.0,19.0
1186.0,57384.0,0,3,1,174.0,25.0
1315.0,58178.0,0,3,3,165.0,10.0
1200.0,57971.0,0,1,2,162.0,12.0
1344.0,58901.0,0,3,2,163.0,19.0
1262.0,62135.0,0,2,3,174.0,17.0
1484.0,47914.0,0,3,3,176.0,15.0
1397.0,57580.0,0,2,3,176.0,15.0
1052.0,75183.0,1,2,3,158.0,14.0
1315.0,56154.0,1,2,3,179.0,17.0
1197.0,55562.0,0,2,1,167.0,15.0
971.0,70782.0,0,1,1,165.0,17.0
1588.0,34408.0,0,3,3,175.0,19.0
1018.0,71814.0,0,2,1,170.0,20.0
1359.0,53681.0,0,2,3,176.0,15.0
1208.0,61639.0,0,1,2,178.0,18.0
1322.0,60963.0,0,3,3,170.0,11.0
1176.0,69425.0,0,1,3,159.0,10.0
1325.0,57324.0,0,2,2,177.0,17.0
1250.0,53220.0,0,2,3,177.0,20.0
1160.0,72978.0,0,3,2,161.0,19.0
1315.0,36358.0,0,1,2,176.0,6.0
1319.0,60203.0,0,3,2,167.0,14.0
1441.0,46521.0,0,2,3,167.0,12.0
1242.0,52384.0,0,1,2,166.0,17.0
1076.0,80113.0,0,2,2,161.0,9.0
1439.0,59554.0,0,3,3,172.0,11.0
1163.0,61951.0,0,2,2,171.0,17.0
1368.0,42184.0,0,1,3,179.0,12.0
1387.0,52710.0,0,2,3,171.0,18.0
1230.0,61966.0,0,3,3,169.0,16.0
1277.0,63548.0,0,2,3,178.0,12.0
1140.0,66169.0,0,2,1,168.0,14.0
1292.0,60086.0,0,3,2,172.0,11.0
1293.0,65270.0,0,3,3,177.0,6.0
1245.0,64538.0,0,2,2,167.0,15.0
1467.0,41703.0,1,3,2,168.0,15.0
1106.0,60370.0,0,1,1,165.0,17.0
1075.0,67679.0,0,2,1,174.0,9.0
1182.0,65899.0,0,3,1,174.0,14.0
1224.0,56361.0,1,2,2,163.0,17.0
1257.0,51944.0,0,1,2,170.0,21.0
1425.0,48817.0,0,1,3,172.0,16.0
1259.0,58689.0,1,3,2,169.0,15.0
1029.0,71331.0,0,2,1,170.0,12.0
1172.0,40482.0,1,1,2,173.0,10.0
1100.0,53401.0,0,1,1,175.0,17.0
1222.0,48602.0,0,2,1,167.0,10.0
1129.0,67850.0,0,1,1,172.0,18.0
1313.0,54457.0,0,1,1,165.0,14.0
1132.0,55294.0,0,1,1,171.0,9.0
1048.0,57831.0,1,1,1,171.0,18.0
1118.0,64454.0,0,1,1,168.0,15.0
1220.0,56076.0,0,3,2,171.0,22.0
1409.0,29539.0,0,1,2,177.0,13.0
1047.0,65433.0,0,1,3,172.0,27.0
1239.0,64390.0,0,2,3,167.0,11.0
1154.0,57805.0,1,2,3,171.0,17.0
1329.0,49160.0,0,3,1,165.0,18.0
1299.0,63518.0,0,3,2,175.0,20.0
1162.0,63792.0,0,1,2,175.0,14.0
1203.0,55300.0,1,2,2,170.0,18.0
1190.0,57833.0,1,1,3,175.0,17.0
1182.0,50698.0,0,2,1,170.0,19.0
1416.0,58214.0,0,3,2,164.0,12.0
1362.0,44496.0,0,1,3,179.0,14.0
1151.0,64173.0,0,1,3,170.0,4.0
1326.0,50556.0,0,3,2,166.0,11.0
1250.0,62381.0,0,2,2,166.0,11.0
1342.0,45940.0,0,3,2,175.0,15.0
1319.0,54099.0,0,1,2,158.0,13.0
1208.0,58895.0,0,2,2,171.0,10.0
1269.0,43393.0,0,1,3,173.0,19.0
1114.0,61151.0,1,3,2,170.0,22.0
1286.0,56209.0,0,2,3,170.0,9.0
1323.0,42576.0,0,1,3,169.0,16.0
1359.0,46968.0,0,2,2,168.0,7.0
1131.0,66051.0,0,2,2,178.0,22.0
1136.0,68956.0,0,2,3,168.0,17.0
1139.0,58681.0,0,2,2,174.0,7.0
1345.0,64048.0,0,3,3,168.0,14.0
1200.0,62238.0,0,1,2,167.0,17.0
1118.0,63296.0,0,1,1,167.0,14.0
990.0,72860.0,0,1,2,164.0,12.0
1354.0,44930.0,0,3,2,173.0,19.0
1080.0,66765.0,0,1,1,167.0,20.0
1194.0,56180.0,0,2,1,161.0,18.0
1127.0,57757.0,1,1,2,172.0,17.0
1279.0,56978.0,0,2,2,170.0,11.0
1137.0,56249.0,1,2,1,179.0,18.0
1224.0,47738.0,0,2,3,170.0,25.0
1184.0,61833.0,0,3,1,172.0,17.0
880.0,76709.0,1,1,2,162.0,7.0
1312.0,59439.0,0,3,1,166.0,18.0
1225.0,59986.0,0,2,1,170.0,19.0
1236.0,53127.0,0,1,2,174.0,18.0
1265.0,58825.0,0,3,1,169.0,14.0
1303.0,64662.0,0,3,3,162.0,20.0
1164.0,56298.0,1,2,1,177.0,16.0
1291.0,55462.0,0,2,1,173.0,16.0
1176.0,64033.0,0,2,1,172.0,18.0
1270.0,50820.0,0,1,1,166.0,16.0
1350.0,62525.0,0,3,3,175.0,11.0
1007.0,68203.0,1,2,2,175.0,17.0
1149.0,73599.0,0,3,2,168.0,14.0
1184.0,59096.0,0,2,2,171.0,14.0
1257.0,73676.0,0,3,2,162.0,13.0
1047.0,70344.0,1,2,2,177.0,14.0
1343.0,50038.0,0,3,2,171.0,17.0
1155.0,47821.0,1,1,2,168.0,15.0
1174.0,56950.0,0,1,3,165.0,11.0
887.0,70289.0,0,1,1,168.0,4.0
1127.0,59277.0,0,2,1,170.0,22.0
1273.0,53993.0,0,2,2,171.0,25.0
1274.0,75522.0,0,3,2,169.0,16.0
1202.0,62869.0,0,3,1,172.0,17.0
1269.0,36794.0,0,1,1,169.0,16.0
1189.0,63172.0,0,2,1,176.0,20.0
1202.0,65200.0,1,2,3,160.0,18.0
1214.0,62256.0,0,2,2,174.0,9.0
1063.0,64497.0,0,2,2,173.0,21.0
1190.0,59327.0,0,1,2,169.0,22.0
1369.0,46816.0,0,2,3,168.0,8.0
1176.0,56293.0,0,2,1,167.0,14.0
1146.0,50544.0,1,1,2,162.0,15.0
1215.0,50673.0,0,1,1,161.0,15.0
1260.0,47369.0,1,3,2,165.0,23.0
1126.0,64525.0,0,1,1,168.0,14.0
1331.0,60979.0,0,3,3,167.0,9.0
1216.0,55518.0,0,1,2,176.0,15.0
1178.0,53507.0,0,1,2,173.0,13.0
1117.0,59766.0,1,2,1,168.0,21.0
1039.0,70792.0,0,2,2,173.0,20.0
1490.0,39958.0,0,1,3,169.0,13.0
1171.0,63769.0,0,2,1,163.0,10.0
1350.0,54543.0,0,3,2,159.0,17.0
1335.0,41154.0,0,1,1,168.0,15.0
1403.0,40543.0,0,3,1,176.0,12.0
1207.0,50872.0,0,1,2,166.0,6.0
1136.0,62195.0,0,1,1,169.0,21.0
1033.0,63931.0,0,1,1,168.0,15.0
1247.0,50610.0,0,1,1,162.0,11.0
1169.0,70170.0,0,1,3,162.0,12.0
1094.0,74230.0,0,2,3,167.0,20.0
1250.0,63961.0,0,3,3,170.0,23.0
1160.0,54086.0,1,1,2,172.0,14.0
1140.0,71244.0,0,2,1,174.0,19.0
1122.0,67554.0,1,1,2,167.0,16.0
1002.0,68674.0,1,1,2,165.0,19.0
1460.0,53435.0,0,3,3,173.0,17.0
1506.0,31654.0,0,1,3,168.0,17.0
1070.0,81168.0,0,3,1,167.0,16.0
1342.0,43891.0,0,1,2,173.0,21.0
1288.0,59642.0,0,2,2,171.0,18.0
932.0,83807.0,0,1,1,174.0,10.0
1338.0,63306.0,0,2,3,166.0,19.0
1298.0,69492.0,0,2,3,168.0,16.0
1388.0,44976.0,0,2,3,174.0,7.0
1266.0,42223.0,1,2,3,168.0,12.0
1090.0,54673.0,0,1,1,169.0,18.0
1119.0,70907.0,0,1,1,161.0,16.0
1157.0,56538.0,1,2,1,172.0,18.0
1210.0,52054.0,0,2,1,177.0,8.0
1229.0,61980.0,0,3,1,165.0,12.0
1106.0,70819.0,0,1,3,176.0,21.0
1487.0,45551.0,1,3,3,172.0,15.0
1401.0,47895.0,0,2,2,164.0,15.0
1399.0,52113.0,0,3,3,171.0,12.0
1241.0,70946.0,0,3,2,164.0,12.0
1100.0,62348.0,2,2,3,172.0,13.0
1235.0,81322.0,0,3,3,176.0,12.0
1280.0,69364.0,0,3,1,163.0,13.0
1223.0,59649.0,0,1,3,174.0,9.0
936.0,72651.0,1,2,2,164.0,16.0
1135.0,62115.0,0,1,1,162.0,21.0
1230.0,52951.0,0,1,1,171.0,20.0
1325.0,66800.0,0,2,3,173.0,14.0
1280.0,53037.0,0,3,1,169.0,12.0
1113.0,57096.0,1,2,2,167.0,16.0
911.0,73278.0,2,2,2,161.0,8.0
1231.0,58987.0,0,2,2,176.0,11.0
1333.0,51969.0,0,2,2,181.0,17.0
1187.0,55357.0,1,3,1,174.0,22.0
1150.0,70218.0,0,1,2,163.0,13.0
1368.0,54475.0,0,3,2,170.0,20.0
1142.0,56131.0,0,1,2,169.0,12.0
1261.0,54897.0,0,2,3,167.0,21.0
1341.0,61839.0,0,3,3,161.0,20.0
1232.0,56145.0,0,2,1,172.0,21.0
1277.0,43982.0,0,2,2,174.0,18.0
1215.0,51128.0,0,2,1,169.0,20.0
1495.0,50672.0,0,3,3,168.0,11.0
1155.0,72433.0,1,2,3,172.0,14.0
1086.0,68127.0,0,1,1,172.0,20.0
1275.0,65873.0,0,2,3,175.0,9.0
1138.0,54946.0,1,3,2,168.0,8.0
1464.0,51842.0,0,3,3,166.0,16.0
1239.0,54925.0,0,2,2,162.0,12.0
1405.0,49481.0,0,1,3,166.0,11.0
1072.0,84972.0,0,2,3,156.0,16.0
1358.0,37547.0,0,3,1,172.0,13.0
1325.0,65640.0,0,2,3,161.0,10.0
1243.0,47154.0,0,2,1,174.0,11.0
1221.0,58957.0,0,3,2,173.0,24.0
1368.0,50120.0,0,3,1,177.0,18.0
1290.0,48224.0,2,3,3,168.0,13.0
1305.0,48598.0,0,3,2,166.0,22.0
1135.0,77550.0,0,1,1,179.0,16.0
871.0,58670.0,2,2,1,173.0,26.0
1265.0,52343.0,0,3,1,173.0,9.0
1136.0,65558.0,0,3,1,169.0,18.0
1193.0,60103.0,1,2,3,165.0,16.0
1188.0,67200.0,0,1,2,169.0,18.0
1309.0,41757.0,0,3,1,167.0,10.0
1220.0,63036.0,0,3,1,167.0,15.0
1083.0,67727.0,0,1,1,167.0,16.0
1448.0,43384.0,0,1,3,163.0,17.0
1159.0,64482.0,1,3,3,181.0,9.0
1078.0,76962.0,0,3,1,161.0,12.0
1222.0,59851.0,0,3,1,171.0,18.0
1191.0,68214.0,0,2,2,173.0,14.0
1354.0,66706.0,0,3,2,169.0,12.0
1331.0,52925.0,0,1,3,163.0,12.0
978.0,60398.0,1,1,1,172.0,8.0
1334.0,44330.0,0,1,3,164.0,10.0
1111.0,55487.0,1,3,1,179.0,23.0
1345.0,62657.0,0,3,2,176.0,10.0
1184.0,67231.0,0,1,2,169.0,16.0
1314.0,60246.0,0,2,3,169.0,19.0
1168.0,67200.0,1,3,3,173.0,22.0
1155.0,48971.0,1,1,3,169.0,10.0
1221.0,58983.0,0,2,2,176.0,9.0
1131.0,60193.0,0,1,1,172.0,16.0
1101.0,78496.0,0,3,1,157.0,17.0
1308.0,57858.0,0,2,3,170.0,9.0
1236.0,55010.0,0,2,1,177.0,16.0
1250.0,60214.0,0,3,1,170.0,8.0
1369.0,50809.0,0,3,3,164.0,22.0
1255.0,61928.0,0,3,2,172.0,6.0
1136.0,56349.0,1,2,3,169.0,16.0
1347.0,42087.0,0,1,3,166.0,14.0
1233.0,59414.0,0,1,3,165.0,14.0
1175.0,56825.0,0,1,1,174.0,16.0
1445.0,43676.0,1,3,3,176.0,14.0
1366.0,59329.0,0,3,3,160.0,18.0
1092.0,74894.0,0,1,2,172.0,20.0
1404.0,65213.0,0,3,2,176.0,16.0
1308.0,66119.0,0,3,3,167.0,14.0
1173.0,46585.0,1,1,2,166.0,16.0
1155.0,64769.0,0,1,3,169.0,10.0
1162.0,61484.0,0,3,2,158.0,28.0
938.0,65290.0,0,2,3,168.0,27.0
1289.0,64226.0,0,3,2,172.0,15.0
1296.0,46402.0,0,2,1,177.0,15.0
1072.0,59586.0,0,2,2,165.0,4.0
1337.0,52421.0,0,2,2,167.0,21.0
1225.0,59499.0,1,2,3,171.0,16.0
1254.0,51026.0,1,2,2,171.0,14.0
1175.0,73125.0,0,3,2,169.0,10.0
1199.0,51410.0,0,1,1,166.0,17.0
1352.0,51011.0,0,2,3,170.0,15.0
1095.0,60746.0,0,2,1,172.0,19.0
1316.0,49229.0,1,2,3,177.0,8.0
1294.0,55753.0,0,3,3,164.0,14.0
1227.0,51700.0,1,1,3,172.0,18.0
1161.0,74112.0,0,2,2,165.0,13.0
1277.0,67858.0,0,2,3,173.0,12.0
1213.0,59425.0,0,3,1,172.0,17.0
1329.0,56088.0,0,2,2,173.0,14.0
1254.0,69409.0,0,1,3,171.0,16.0
1203.0,64052.0,0,1,3,166.0,21.0
1082.0,64981.0,1,2,2,177.0,10.0
1196.0,59738.0,1,3,1,168.0,16.0
1229.0,43118.0,0,1,1,167.0,11.0
1217.0,58875.0,1,3,2,171.0,12.0
1215.0,54675.0,0,1,2,166.0,21.0
946.0,66451.0,1,1,2,165.0,7.0
1176.0,70118.0,0,2,2,169.0,17.0
1318.0,53420.0,0,1,2,166.0,13.0
1311.0,64684.0,0,2,3,168.0,9.0
1038.0,77359.0,0,1,1,175.0,14.0
1253.0,53323.0,0,1,2,175.0,14.0
1193.0,76819.0,0,1,3,163.0,15.0
1093.0,51474.0,2,2,2,165.0,12.0
1117.0,60230.0,0,1,1,168.0,15.0
1189.0,59889.0,0,1,1,177.0,16.0
1241.0,60115.0,0,3,1,170.0,22.0
1169.0,51623.0,1,3,1,172.0,12.0
1226.0,54088.0,0,1,3,175.0,16.0
1278.0,53323.0,0,2,1,174.0,13.0
1268.0,63270.0,0,3,2,166.0,9.0
1211.0,63300.0,0,2,1,168.0,15.0
978.0,82259.0,1,1,3,164.0,20.0
1111.0,73710.0,0,3,1,172.0,8.0
1317.0,54902.0,0,2,2,165.0,12.0
1211.0,63249.0,0,2,3,163.0,12.0
1211.0,69971.0,1,3,3,164.0,11.0
1184.0,60306.0,0,1,2,173.0,17.0
1116.0,59304.0,0,1,1,169.0,17.0
1267.0,60516.0,0,3,1,174.0,14.0
1079.0,68673.0,1,2,1,172.0,15.0
1385.0,51517.0,0,3,1,186.0,19.0
1259.0,56743.0,0,3,1,174.0,15.0
1268.0,64704.0,0,3,1,181.0,14.0
1144.0,63114.0,0,1,1,178.0,16.0
1229.0,62396.0,0,1,3,168.0,18.0
1214.0,56302.0,0,2,1,168.0,22.0
1134.0,69725.0,0,3,1,168.0,15.0
1132.0,81339.0,0,3,1,168.0,20.0
1169.0,64064.0,1,3,2,165.0,17.0
1208.0,58068.0,2,3,1,173.0,13.0
1279.0,67557.0,0,1,3,173.0,18.0
1229.0,54609.0,0,1,1,174.0,20.0
1331.0,52503.0,0,2,3,165.0,15.0
1203.0,60328.0,0,2,2,177.0,13.0
1532.0,34172.0,0,3,2,177.0,15.0
1336.0,48460.0,0,2,3,178.0,10.0
1309.0,56520.0,0,3,3,174.0,8.0
1171.0,46466.0,1,1,2,175.0,11.0
1397.0,49674.0,0,1,3,174.0,21.0
1139.0,55633.0,0,1,1,165.0,14.0
1422.0,43570.0,0,2,2,165.0,18.0
1332.0,55939.0,0,3,2,162.0,9.0
1283.0,54647.0,0,2,3,175.0,20.0
1069.0,60254.0,1,3,1,166.0,7.0
1006.0,71542.0,0,2,1,167.0,21.0
1074.0,61725.0,1,1,2,173.0,14.0
1310.0,60211.0,0,2,3,179.0,17.0
1147.0,60995.0,0,1,1,171.0,15.0
1138.0,62274.0,0,3,1,173.0,10.0
1357.0,49833.0,0,1,3,174.0,15.0
1315.0,58852.0,0,2,3,171.0,11.0
1299.0,63088.0,0,3,2,167.0,21.0
1351.0,46292.0,0,2,1,169.0,14.0
1198.0,68657.0,0,2,2,174.0,14.0
1156.0,70814.0,0,2,2,165.0,15.0
1178.0,53686.0,1,1,3,175.0,20.0
1186.0,57587.0,0,3,1,162.0,18.0
1348.0,51218.0,0,2,3,158.0,14.0
1201.0,66994.0,0,1,3,166.0,9.0
1298.0,49388.0,0,2,2,171.0,20.0
1233.0,57775.0,0,3,1,176.0,7.0
1355.0,51411.0,0,1,3,168.0,21.0
1319.0,60510.0,0,2,2,179.0,19.0
1279.0,42058.0,0,2,1,167.0,9.0
1168.0,73265.0,0,1,3,175.0,15.0
1381.0,50354.0,0,3,1,171.0,16.0
1356.0,60599.0,0,3,2,168.0,14.0
1279.0,57875.0,1,3,2,169.0,13.0
1324.0,52379.0,0,1,3,167.0,12.0
1222.0,51122.0,0,1,2,176.0,10.0
1196.0,69364.0,0,2,2,166.0,12.0
1245.0,54744.0,1,1,2,173.0,15.0
1119.0,62712.0,0,2,1,167.0,16.0
1267.0,51985.0,0,1,3,164.0,12.0
1484.0,53528.0,0,3,3,173.0,15.0
1278.0,64722.0,0,3,2,176.0,19.0
1146.0,69304.0,0,1,2,172.0,20.0
1078.0,58247.0,0,1,1,177.0,21.0
1379.0,45781.0,0,3,3,169.0,15.0
1057.0,79980.0,0,3,1,167.0,21.0
1332.0,51435.0,0,1,3,161.0,14.0
1577.0,44584.0,0,3,3,172.0,17.0
930.0,85944.0,0,1,1,173.0,13.0
1194.0,55960.0,0,1,1,170.0,12.0
1292.0,45383.0,0,1,2,171.0,14.0
1249.0,53166.0,0,1,3,174.0,8.0
1046.0,63675.0,1,1,2,172.0,20.0
1077.0,61903.0,1,1,3,166.0,21.0
1252.0,51483.0,0,2,2,175.0,17.0
1101.0,78227.0,0,1,2,164.0,14.0
1324.0,54784.0,0,1,3,164.0,10.0
1308.0,48153.0,0,2,2,165.0,18.0
1127.0,69607.0,0,3,1,177.0,8.0
949.0,73291.0,1,1,1,167.0,18.0
1212.0,51825.0,1,1,2,169.0,13.0
1423.0,45987.0,0,2,3,163.0,11.0
1139.0,70304.0,1,3,3,175.0,23.0
1624.0,39527.0,0,1,3,170.0,17.0
1202.0,47734.0,0,1,2,180.0,17.0
1164.0,69674.0,0,2,1,174.0,19.0
1246.0,59446.0,0,3,2,168.0,11.0
1252.0,57361.0,0,3,1,174.0,10.0
1374.0,63528.0,0,3,2,166.0,20.0
1160.0,58472.0,1,3,2,176.0,16.0
1356.0,47013.0,0,2,3,174.0,21.0
1115.0,72761.0,0,2,1,170.0,16.0
1030.0,73250.0,0,1,2,173.0,23.0
1111.0,62053.0,0,1,1,165.0,19.0
1251.0,60451.0,0,2,2,164.0,14.0
1009.0,83396.0,0,3,1,177.0,19.0
1183.0,57236.0,0,1,2,176.0,18.0
1036.0,57404.0,1,1,1,167.0,17.0
1377.0,63645.0,0,3,3,172.0,13.0
965.0,74713.0,0,1,1,178.0,16.0
902.0,75928.0,1,2,2,173.0,25.0
1223.0,57414.0,0,2,1,170.0,14.0
1183.0,63083.0,0,1,2,162.0,18.0
1479.0,46219.0,0,2,3,179.0,9.0
1278.0,56880.0,0,1,3,169.0,16.0
1219.0,51597.0,0,1,2,175.0,18.0
1034.0,49932.0,2,2,1,176.0,15.0
1148.0,76816.0,0,2,2,168.0,13.0
1201.0,52077.0,0,2,1,175.0,16.0
1082.0,54684.0,1,1,1,168.0,8.0
1304.0,63658.0,0,2,3,175.0,13.0
1214.0,72978.0,0,3,2,162.0,16.0
1078.0,64811.0,1,1,1,175.0,16.0
1001.0,87594.0,0,1,1,162.0,14.0
1316.0,59253.0,0,3,1,169.0,17.0
1267.0,62587.0,0,3,2,171.0,8.0
1173.0,62756.0,0,1,2,178.0,11.0
1075.0,74350.0,0,3,1,176.0,13.0
1155.0,65072.0,0,2,1,172.0,21.0
1263.0,58838.0,0,2,1,173.0,14.0
1291.0,50525.0,0,1,3,167.0,18.0
1277.0,62444.0,0,1,3,172.0,19.0
1062.0,74013.0,0,2,1,168.0,14.0
1199.0,55896.0,0,1,1,165.0,17.0
1223.0,65289.0,0,2,3,184.0,10.0
1245.0,62461.0,0,3,1,176.0,13.0
1127.0,68635.0,1,3,2,169.0,11.0
1386.0,51952.0,0,3,2,174.0,12.0
1098.0,83466.0,0,1,3,169.0,12.0
1372.0,47208.0,0,3,1,173.0,19.0
1309.0,56344.0,0,2,2,176.0,16.0
1113.0,69381.0,0,2,1,170.0,21.0
1306.0,62967.0,0,2,3,163.0,14.0
1080.0,68300.0,0,2,1,165.0,11.0
1219.0,55039.0,0,2,1,168.0,15.0
1112.0,59252.0,0,3,1,177.0,11.0
1285.0,60122.0,0,2,2,168.0,19.0
1208.0,75693.0,0,3,2,166.0,10.0
1140.0,66904.0,1,2,3,173.0,13.0
1056.0,67967.0,0,1,1,171.0,7.0
1324.0,53421.0,0,3,1,173.0,12.0
1135.0,69689.0,1,1,3,163.0,17.0
1317.0,62256.0,0,3,2,167.0,13.0
1219.0,73891.0,0,3,2,178.0,13.0
1068.0,80141.0,0,1,2,169.0,13.0
1209.0,56932.0,0,2,1,175.0,12.0
1370.0,55937.0,0,2,2,169.0,13.0
1383.0,51360.0,0,2,3,180.0,9.0
1235.0,58564.0,0,2,2,174.0,14.0
1079.0,56180.0,2,3,1,174.0,16.0
1081.0,63595.0,0,2,1,166.0,16.0
1274.0,58554.0,0,3,1,169.0,6.0
1275.0,56384.0,0,3,1,167.0,13.0
1060.0,70646.0,0,3,2,167.0,12.0
1061.0,50621.0,0,1,2,173.0,26.0
1191.0,64331.0,0,1,3,173.0,21.0
1108.0,55941.0,1,2,1,173.0,14.0
1362.0,67244.0,0,3,2,170.0,21.0
1166.0,73853.0,0,2,2,173.0,19.0
985.0,56969.0,1,1,1,174.0,19.0
1195.0,64410.0,0,1,2,175.0,15.0
1142.0,61788.0,0,1,2,168.0,16.0
1357.0,52006.0,0,3,1,171.0,21.0
1140.0,62408.0,0,1,3,172.0,11.0
1160.0,62891.0,0,1,3,177.0,19.0
1288.0,64129.0,0,2,3,177.0,13.0
1099.0,58016.0,2,2,3,168.0,16.0
1321.0,60942.0,0,2,3,167.0,13.0
1254.0,48524.0,1,2,2,167.0,16.0
1274.0,56419.0,0,1,2,168.0,10.0
