"","ID","상호명","포장","예약","주소","평균가격","최소가격","최대가격"
"2376",117568348,"요리남",0,0,"서울 마포구 홍익로3길 35",6100,"3900","7500"
"3667",1315743336,"연탄콩",0,0,"서울 마포구 백범로 111",6000,"6000","6000"
"787",20890363,"도깨비우동",0,0,"서울 서대문구 증가로 250",5166.6667,"5000","5500"
"608",19754147,"신촌돈부리모노",1,0,"서울 서대문구 연세로4길 46",8000,"7000","9000"
"4142",1509630356,"장미맨숀 신촌점",0,0,"서울 서대문구 연세로5가길 8-6",17000,"15000","23000"
"4634",1692590790,"서교김치찌개",0,0,"서울 마포구 잔다리로 105-1",7800,"7000","10000"
"3608",1290714746,"오길비",0,0,"서울 마포구 마포대로8안길 13",16400,"12000","22000"
"3483",1272923998,"자매식당",0,0,"서울 서대문구 증가로 143",6000,"6000","6000"
"3339",1216219144,"나무참치",0,0,"서울 서대문구 명지대3길 8",22200,"12000","36000"
"1774",37414478,"고미정",0,0,"서울 서대문구 연희로26길 24",17200,"8000","34000"
"4877",1809913309,"한사발",0,0,"서울 서대문구 연세로5나길 30-6",17800,"11000","24000"
"4672",1722361045,"육회이야기 연희점",1,0,"서울 서대문구 연희로 90-1",27100,"18900","38900"
"3048",1130297364,"홍칠공훠궈",1,1,"서울 마포구 신촌로 118-2",1500,"0","6000"
"1517",36342690,"천일양꼬치",0,0,"서울 마포구 월드컵북로2길 29",12000,"12000","12000"
"4126",1482035763,"서교동과수원",0,0,"서울 마포구 양화로11길 24",10150,"9800","10500"
"2774",1040392200,"마구로창고",0,0,"서울 마포구 동교로 125",28800,"8000","55000"
"2404",297158363,"무월식탁",1,0,"서울 마포구 어울마당로 44",11200,"10000","12000"
"3127",1147980485,"차이홍 마포본점",0,0,"서울 마포구 토정로37길 46",6200,"5000","7000"
"567",18791036,"합정순대국",0,0,"서울 마포구 양화로6길 14",13220,"1100","27000"
"5133",1883556230,"심야포차",0,0,"서울 마포구 어울마당로 58-1",10500,"9900","10900"
"716",20668031,"카페느림",0,0,"서울 마포구 방울내로 42",4250,"3500","5000"
"2448",545902901,"가이오국수 홍제점",0,0,"서울 서대문구 통일로37길 15",5400,"4500","6000"
"4560",1654673451,"루타6400KM 홍대점",1,0,"서울 마포구 어울마당로 98-1",9080,"8500","10500"
"3860",1401359012,"아현닭칼국수",0,0,"서울 서대문구 신촌로35길 10",6500,"6000","7000"
"173",12846549,"굴다리식당",0,0,"서울 마포구 도화길 44-2",10600,"8000","12000"
"619",20054661,"파가니니",0,0,"서울 서대문구 이화여대길 63",15500,"6000","30000"
"2047",38239155,"롯코",0,0,"서울 마포구 동교로 182-6",7000,"7000","7000"
"4556",1675683144,"장가방",1,1,"서울 마포구 토정로 296",13333.3333,"6000","25000"
"1191",33102153,"하코야 합정메세나폴리스점",0,0,"서울 마포구 양화로 45",8375,"8000","9000"
"3682",1332398637,"주가미락",0,1,"서울 마포구 백범로 152",25000,"20000","35000"
"4111",1500289969,"바람과파도사이",0,0,"서울 마포구 마포대로12길 56",12966.6667,"9900","16000"
"3990",1426315717,"고에몬 홍대AK점",0,1,"서울 마포구 양화로 188",14000,"13000","15000"
"2265",50130729,"키오쿠",0,0,"서울 마포구 와우산로29길 4-15",11200,"9000","14000"
"4003",1445269786,"호맥 연남점",0,0,"서울 마포구 양화로21길 33",10700,"9500","11500"
"1456",36004024,"솔잎식당",0,0,"서울 마포구 마포대로4길 46",6000,"6000","6000"
"2024",37933357,"한담",0,0,"서울 마포구 양화로7길 49",10400,"5000","14000"
"2625",934157326,"비스트로연남",0,1,"서울 마포구 양화로23길 10-10",62500,"34000","96500"
"2953",1102427977,"베가 보쌈",0,0,"서울 서대문구 거북골로 33-4",23400,"8000","38000"
"1484",36246659,"승리부대찌개",0,0,"서울 마포구 매봉산로2안길 12-7",10000,"8000","12000"
"5297",1958306993,"연남화방",0,0,"서울 마포구 성미산로29길 40-18",5300,"5000","5500"
"1454",35915198,"거북이의주방",0,0,"서울 마포구 백범로1길 8-7",6100,"2500","8000"
"3523",1276216474,"팔민물장어직판장",0,0,"서울 마포구 월드컵북로2길 25",4800,"0","10000"
"1754",37236818,"헐랭이곱창",0,0,"서울 마포구 독막로3길 28-7",18920,"10000","29900"
"4764",1760420088,"테이스티그릴",0,0,"서울 마포구 매봉산로2길 57",14900,"13900","15900"
"3508",1260995931,"카페블랑슈",0,0,"서울 마포구 동교로 79",4660,"4000","5500"
"836",20986113,"타궐안",0,0,"서울 서대문구 명물길 27-17",11200,"4000","24000"
"607",19707335,"카페바인 홍대점",0,0,"서울 서대문구 신촌로 25",4400,"3500","5900"
"4754",1758181298,"82년생 김민경",0,0,"서울 마포구 매봉산로 80",5640,"4300","6800"
"4640",1691023591,"빌라연남",0,0,"서울 마포구 연희로1길 36",18400,"13000","23000"
"2463",577694730,"미가",0,0,"서울 마포구 마포대로11길 25-17",8000,"8000","8000"
"2512",729580467,"보헤미안PJ music pub",0,0,"서울 서대문구 연세로7안길 25",5000,"5000","5000"
"2095",38338124,"길모퉁이칠리차차",0,0,"서울 마포구 동교로15길 34",8100,"7000","9000"
"4436",1635734234,"마미스런치",0,0,"서울 서대문구 통일로 81",8220,"4000","9800"
"4620",1693147710,"만남노가리포차",0,0,"서울 마포구 포은로 96",6000,"3500","12000"
"379",18262524,"진차이나",1,0,"서울 서대문구 세검정로1길 30",6900,"5500","9000"
"1481",36202983,"나베식당",0,0,"서울 마포구 동교로46길 23",8500,"7500","10000"
"2393",415919931,"피자알볼로 서대문점",1,0,"서울 서대문구 경기대로 68",25000,"19000","31000"
"2850",1070320704,"청춘연가 1992 동교점",0,0,"서울 마포구 양화로19길 22-4",13600,"10000","18000"
"3822",1385987906,"진주식당",0,0,"서울 마포구 독막로40길 9",6600,"6000","9000"
"5352",1968446392,"청염",0,0,"서울 마포구 양화로6길 57-13",41500,"10000","73000"
"3591",1292304113,"온달집 홍대직영점",0,0,"서울 마포구 잔다리로 9",9800,"5000","11000"
"3333",1226706808,"삼원일식",0,0,"서울 서대문구 통일로9안길 32",13000,"7000","19000"
"655",19722091,"국대떡볶이 마포역점",0,0,"서울 마포구 도화길 6",3640,"2900","4900"
"3304",1188962072,"아크스테이션 2호점",0,0,"서울 마포구 와우산로 55",6400,"6000","7000"
"2200",38549144,"데일리파티",0,0,"서울 마포구 와우산로17길 25",49400,"3000","99000"
"4750",1741366066,"옛날장터치킨 성산동점",0,0,"서울 마포구 모래내로3길 4",13200,"10000","18000"
"214",13123910,"산울림1992",0,0,"서울 마포구 서강로9길 60",31204.4,"22","43000"
"1724",37057602,"조용한저녁",0,1,"서울 마포구 서강로11길 18",13750,"3500","22000"
"1564",36435334,"25카츠 합정점",0,0,"서울 마포구 양화로 45",11333.3333,"9500","12500"
"1997",38003633,"곰소바 돈까스",0,0,"서울 서대문구 경기대로 64",8300,"7500","8500"
"3898",1420867446,"또다른자아",0,1,"서울 마포구 동교로46길 7",22400,"15000","34000"
"4384",1611741359,"꽃술",0,0,"서울 서대문구 증가로 112",14800,"13000","16000"
"2417",460261321,"라오삐약",0,0,"서울 마포구 희우정로10길 5",9800,"8000","12000"
"3105",1160519735,"하희씨부엌",1,0,"서울 서대문구 경기대로9길 90",33000,"33000","33000"
"3211",1174934675,"야키야키",0,0,"서울 마포구 도화길 22",30000,"20000","50000"
"3757",1363039498,"더 키친 아시아",1,1,"서울 마포구 와우산로23길 35-6",21320,"8900","51000"
"4186",1530099817,"르봉땅",0,0,"서울 마포구 월드컵로21길 18",7700,"3500","11000"
"4551",1651389071,"천장어 마포점",0,0,"서울 마포구 백범로 122",10200,"3000","33000"
"24",11560456,"가문의우동",0,0,"서울 서대문구 연세로9길 13",9900,"8000","12000"
"5105",1899479797,"하노이쌀국수분짜 거북골점",1,0,"서울 서대문구 거북골로 16",6260,"5500","6900"
"5014",1837274244,"미완성식탁",0,0,"서울 마포구 망원로6길 37",2800,"2800","2800"
"2854",1055910739,"타이거슈가 홍대본점",0,0,"서울 마포구 어울마당로 124",4375,"3100","5300"
"3552",1277766083,"식이네",0,0,"서울 마포구 와우산로32길 38",27000,"20000","35000"
"1296",33868675,"파스치노팬스테이크",0,1,"서울 마포구 어울마당로 100-6",13920,"10000","19900"
"5328",1970668508,"명지가맥",0,0,"서울 서대문구 가좌로 139",8600,"7000","10000"
"530",18746887,"안동찜닭",0,0,"서울 서대문구 연세로5나길 6",23200,"22000","24000"
"3100",1143667233,"생활맥주 신촌점",0,0,"서울 서대문구 연세로7길 15",18200,"17000","20000"
"4796",1792459869,"봉구스밥버거 연세대점",1,1,"서울 서대문구 연세로11길 5",2900,"2300","3300"
"551",18772202,"돌황소곱창",0,0,"서울 마포구 월드컵로3길 31-32",17400,"13000","19000"
"4199",1522891533,"화령",0,0,"서울 마포구 동교로 261",21000,"18000","28000"
"4306",1579662030,"희우정",0,0,"서울 마포구 성산로 128",12400,"9000","15000"
"3376",1217272268,"어쩌다와인",0,1,"서울 마포구 홍익로5안길 61",17200,"8000","28000"
"741",20735517,"신촌간이회집",0,0,"서울 서대문구 연세로5다길 22",36000,"20000","60000"
"33",11683257,"도적",0,0,"서울 마포구 어울마당로5길 3",11800,"5000","17000"
"3788",1374141040,"피슈마라홍탕 신촌점",1,0,"서울 서대문구 신촌로 73",9700,"2500","16000"
"1574",36523969,"외양간",0,0,"서울 마포구 월드컵로3길 35",42520,"23900","99000"
"2302",74511916,"하이양꼬치홍대본점",0,0,"서울 마포구 잔다리로 11",13960,"7000","23000"
"1821",37463831,"스페인야시장",0,0,"서울 마포구 양화로6길 49",14200,"10000","21000"
"2225",38483171,"커피템플 2호점",0,0,"서울 마포구 월드컵북로54길 17",4800,"4500","5000"
"4752",1757858765,"북촌삼대갈비 합정역점",0,0,"서울 마포구 독막로 13",11333.3333,"6000","14500"
"995",31393826,"아키",0,0,"서울 서대문구 성산로 531",10800,"8000","13000"
"2026",38009117,"진땡이 망원역점",0,0,"서울 마포구 성미산로2길 20",23800,"7000","45000"
"2488",644460860,"화포식당 홍대합정점",0,0,"서울 마포구 독막로3길 25",13600,"13000","14000"
"3005",1097608063,"푸라닭 마포역점",1,0,"서울 마포구 도화길 6-3",17700,"15900","18900"
"450",18349232,"대륜정",0,0,"서울 마포구 양화로16길 34",22000,"20000","28000"
"3394",1217914940,"일류곱떡",0,0,"서울 마포구 독막로3길 26",12600,"9000","18000"
"1522",36372949,"신이주신닭발",1,0,"서울 마포구 와우산로17길 24-3",19200,"14000","25000"
"2283",52413815,"스트레토 로스터리&카페",0,0,"서울 마포구 마포대로12길 29-1",4300,"0","7000"
"1942",37792280,"효동각본점",0,0,"서울 서대문구 연대동문길 24",8000,"7000","9000"
"1135",32762243,"밤새우리",0,0,"서울 마포구 독막로5길 28",26750,"10000","75000"
"56",11707564,"프리모바치오바치 홍대본점",0,0,"서울 마포구 와우산로23길 44",12700,"10000","16000"
"3694",1309585620,"밀라노식당",0,0,"서울 마포구 연남로1길 6-9",20600,"9000","42000"
"2836",1064834738,"팔로잉",0,0,"서울 마포구 어울마당로 62",5900,"3900","7900"
"2008",37916234,"아토 규카츠 신촌1호점",1,0,"서울 서대문구 명물길 38",10500,"6900","15900"
"5286",1949355730,"오늘은 덮밥",0,0,"서울 마포구 월드컵북로 402",6500,"5000","7500"
"2927",1080542451,"레드카펫",0,0,"서울 마포구 동교로 211-7",16100,"9900","18900"
"2514",784032684,"방콕반점",0,0,"서울 서대문구 명물길 36-6",9000,"9000","9000"
"2615",928222007,"베브릿지 서강대점",1,0,"서울 마포구 백범로 19",3720,"0","5300"
"3857",1416112014,"원이자카야",0,0,"서울 서대문구 증가로 245",18400,"14000","22000"
"1812",37464329,"스노잉 연남1호점",0,0,"서울 마포구 동교로 262-9",5000,"4500","5500"
"2350",168967456,"굿초이스",0,0,"서울 마포구 동교로 213",2e+05,"200000","200000"
"3915",1415925844,"수수밭",1,0,"서울 마포구 신촌로12길 22",9125,"8000","10500"
"3367",1226936914,"세도식",0,1,"서울 마포구 동교로 133",13000,"12000","15000"
"2087",38462611,"우아하게",0,0,"서울 마포구 희우정로10길 29",4200,"4000","5000"
"644",19877690,"빠끼또",0,0,"서울 마포구 성미산로17길 4",26000,"18000","29000"
"3208",1170774016,"보리",0,0,"서울 마포구 희우정로 95",15000,"0","28000"
"4677",1728356214,"바바코아",0,1,"서울 마포구 와우산로29길 4-15",46560,"10800","78000"
"4131",1481174484,"여덟",0,0,"서울 마포구 동교로38길 22",14800,"14500","15500"
"3634",1319230078,"뚜띠쿠치나 서대문점",0,1,"서울 서대문구 충정로 70",20480,"13500","35000"
"1844",37414217,"마포향",0,0,"서울 마포구 창전로 45",10000,"5500","25000"
"2086",38419654,"열정떡볶이 홍대본점",1,0,"서울 마포구 어울마당로 42",8300,"5000","9500"
"1047",32051064,"향미",0,0,"서울 마포구 홍익로 3-24",6000,"6000","6000"
"1062",32052393,"맛죽본점",0,0,"서울 마포구 월드컵북로 30",7600,"7000","8500"
"3958",1425487811,"밥술랭",0,0,"서울 마포구 와우산로29바길 11-3",10000,"9000","11000"
"5193",1925724983,"오떡 공덕점",0,0,"서울 마포구 효창목길 3",15200,"8000","20000"
"5119",1890574361,"미묘",0,0,"서울 마포구 잔다리로 109",4900,"4900","4900"
"3476",1236350738,"가로수포차",0,0,"서울 마포구 잔다리로6길 34-13",15500,"0","20500"
"1514",36219892,"배꼽시계",0,0,"서울 마포구 연남로 11",17000,"17000","17000"
"1552",36406551,"대현매운족발",1,0,"서울 서대문구 연세로2길 95",33000,"30000","37000"
"5399",1984041842,"드레스덴1986",0,1,"서울 마포구 동교로38길 14",16600,"12000","25000"
"2034",38010024,"탕탕",0,0,"서울 마포구 성미산로 97",7400,"7000","8000"
"4835",1769410682,"주세풍복집",0,0,"서울 마포구 삼개로3길 6",10000,"10000","10000"
"3903",1401001726,"광야",0,0,"서울 마포구 월드컵북로4길 82",27800,"19000","42000"
"3420",1256681702,"방틈",0,0,"서울 마포구 연희로1길 52",14800,"12000","17000"
"4062",1479575962,"스미비부타동",0,0,"서울 마포구 와우산로13길 19",4900,"1000","11000"
"2961",1115014013,"로실링",0,0,"서울 서대문구 연세로4길 26",7000,"3500","10000"
"2368",200685166,"핑하오",1,0,"서울 마포구 마포대로 45",52000,"28000","100000"
"5051",1865117496,"명동칼국수",0,0,"서울 마포구 마포대로 173",6500,"6500","6500"
"3038",1125707649,"동네한바퀴",0,0,"서울 서대문구 충정로11길 23",35000,"35000","35000"
"185",13084502,"구무전",0,0,"서울 서대문구 연희맛로 43-2",9500,"4500","13000"
"1223",34479875,"후쿠스시",0,0,"서울 서대문구 이화여대3길 8",15400,"12000","19000"
"1815",37408349,"당가원",0,0,"서울 마포구 월드컵북로 173",8500,"5000","14000"
"677",20005822,"참숯꺼먹돼지",0,0,"서울 마포구 매봉산로2길 24",7000,"7000","7000"
"148",13026619,"모래내곱창",0,0,"서울 서대문구 증가로10길 26",10000,"10000","10000"
"2384",353295035,"잘들어",0,0,"서울 서대문구 연희맛로 7",33000,"22000","59000"
"5005",1831963096,"닭앤달구",0,0,"서울 마포구 월드컵북로 218",17000,"17000","17000"
"4439",1649477961,"현명식탁",0,0,"서울 서대문구 명물길 32",25250,"19000","35000"
"4564",1664411845,"토모토카레",0,0,"서울 마포구 와우산로29길 27",7100,"3500","9000"
"2681",1012918417,"봉우양대창",0,1,"서울 마포구 어울마당로 40",12800,"5000","18000"
"5072",1860792687,"비엔나커피하우스 마포신한디엠점",0,0,"서울 마포구 마포대로 25",5340,"4200","6000"
"2039",37993961,"다온",0,0,"서울 마포구 마포대로 144",6500,"6000","7000"
"3808",1369116821,"딘딘향",1,0,"서울 마포구 월드컵로 67",4520,"1000","14000"
"5407",1992129647,"홍사노가리",0,0,"서울 마포구 어울마당로 149-3",4200,"1000","12000"
"2672",1012551583,"낭만치맥 공덕점",0,0,"서울 마포구 백범로 205",15200,"14000","16000"
"4969",1822385809,"엑스엑스",0,1,"서울 마포구 독막로 67-10",11900,"0","17000"
"2458",575054512,"미미방",0,0,"서울 마포구 월드컵북로5길 21",9333.3333,"6000","14000"
"851",21041682,"고모네순대국",0,0,"서울 서대문구 통일로9안길 36-4",17800,"6000","30000"
"2131",38301973,"홍이네",0,0,"서울 마포구 마포대로 144",21500,"18000","25000"
"2893",1093154808,"여수밤바다",0,0,"서울 마포구 동교로 212-8",40000,"40000","40000"
"1233",34105990,"한촌설렁탕 북가좌점",1,0,"서울 서대문구 응암로 67",10500,"8000","15000"
"2647",1010769241,"비윰",0,0,"서울 서대문구 북아현로 100",16060,"9500","28900"
"601",19378407,"하랑",0,0,"서울 마포구 잔다리로3길 29",16600,"7000","25000"
"1350",35279647,"주몽",1,0,"서울 마포구 만리재옛길 18",6666.6667,"6000","7000"
"236",13160562,"서래옥",0,0,"서울 마포구 양화로11길 68",13800,"8000","30000"
"4242",1556995490,"충화반점",0,0,"서울 마포구 백범로1길 8-9",8700,"7900","8900"
"3727",1363099011,"슈가박스",0,0,"서울 마포구 방울내로 24",3575,"3000","4000"
"4210",1555623640,"당가원",0,0,"서울 서대문구 세무서7길 20",7100,"4000","8500"
"258",13158366,"라나이피자",1,0,"서울 마포구 서강로9길 30",19900,"18900","21900"
"5008",1841187535,"리리코",0,1,"서울 마포구 동교로 266-11",15600,"5000","44000"
"4575",1666782638,"과일가게",0,0,"서울 마포구 동교로 40",4500,"4500","4500"
"5304",1964379757,"달의계단",0,0,"서울 마포구 와우산로27길 74",6000,"6000","6000"
"5233",1935102531,"원푸드",0,0,"서울 마포구 백범로 13",23800,"22000","26000"
"2990",1112445359,"힘내라 옥탑방",0,0,"서울 마포구 토정로 216",6000,"5000","7000"
"91",11802032,"교촌치킨 명지대점",0,0,"서울 서대문구 거북골로 57-1",17800,"15000","20000"
"3551",1269507110,"마포오리농장",0,0,"서울 마포구 양화로 58",55400,"39000","65000"
"1088",32351642,"공차 신촌연세로점",1,0,"서울 서대문구 연세로 27",4400,"3800","5200"
"3700",1328363029,"우수살롱",0,1,"서울 마포구 동교로30길 17-1",31600,"10000","59000"
"4732",1760425180,"연남장",0,0,"서울 서대문구 연희로5길 22",6700,"6500","7000"
"682",20573537,"아리스타커피 서소문점",0,0,"서울 서대문구 충정로6길 59",4060,"2300","6000"
"2664",1008438549,"스시본",1,0,"서울 마포구 월드컵북로 402",7650,"6900","9900"
"895",20990009,"중경삼림",0,0,"서울 마포구 독막로3길 52",12250,"4000","29000"
"1595",36544206,"빌리프커피로스터스",0,0,"서울 마포구 양화로11길 50",5160,"2800","6500"
"4038",1464435858,"이주방",0,1,"서울 마포구 연희로 33",12500,"11000","15000"
"2724",1048161864,"천하일과",1,0,"서울 서대문구 거북골로 19-1",6550,"1700","15000"
"4798",1778646844,"삼미식당 신촌점",0,0,"서울 서대문구 연세로7길 29",5780,"4000","9900"
"3825",1385833943,"삼겹시대 홍대점",0,0,"서울 마포구 양화로16길 30",8940,"7900","11000"
"2204",38570861,"요코쵸",0,0,"서울 마포구 성미산로 161-15",13600,"8000","20000"
"1573",36628511,"삼거리포차 홍대점",1,0,"서울 마포구 와우산로 70",22000,"21000","23000"
"5101",1890667556,"오렌지김밥3호점",0,0,"서울 서대문구 통일로37길 7",2460,"2000","3000"
"3539",1275939992,"토메루",0,0,"서울 마포구 와우산로29길 60",14500,"0","25000"
"4",11710118,"대가감자탕&보쌈",0,0,"서울 서대문구 홍제내길 136",19500,"14000","25000"
"900",21068904,"커피감각",0,0,"서울 마포구 동교로29길 40",4700,"0","7500"
"370",18208213,"만선식당",0,0,"서울 서대문구 통일로9안길 26",39000,"30000","55000"
"469",18310443,"명동칼국수",0,0,"서울 마포구 마포대로 33",6333.3333,"6000","6500"
"1905",37696296,"빵꼼마",0,0,"서울 마포구 양화로21길 23",5420,"4500","7500"
"4358",1609774904,"보리향기 본점",0,0,"서울 서대문구 거북골로 8-4",9100,"7000","12000"
"1474",36039756,"수다캠프",0,0,"서울 서대문구 연희로25길 12",14400,"10000","25000"
"5122",1880183190,"꿀템카페",0,0,"서울 마포구 잔다리로 31",5250,"5000","5500"
"2069",38291356,"장충당족발 홍제점",1,0,"서울 서대문구 통일로 402",28400,"19000","36000"
"4482",1647251272,"카츠모토",0,0,"서울 마포구 월드컵북로2길 85",11000,"11000","11000"
"4926",1816161675,"그린분식",0,0,"서울 마포구 모래내로7길 38",6200,"6000","6500"
"4509",1666967986,"다시밥",0,0,"서울 서대문구 통일로39길 43",3600,"3000","4000"
"1837",37288686,"진만두",0,0,"서울 마포구 와우산로29길 4-42",13600,"7000","26000"
"847",20946010,"노가리호프",0,0,"서울 서대문구 충정로11길 26",7250,"3500","11000"
"359",18207969,"국빈",1,0,"서울 서대문구 독립문로 64",28333.3333,"20000","40000"
"1364",35271757,"네네치킨 마포역점",1,0,"서울 마포구 새창로 52",16400,"15000","17000"
"65",11603394,"아소정",1,0,"서울 마포구 백범로25길 9",40400,"7000","75000"
"3724",1347304721,"모야",0,0,"서울 마포구 성암로 225-1",8800,"7000","10000"
"3580",1286058485,"코너스테이크",0,0,"서울 마포구 와우산로29가길 86",8000,"4500","9500"
"2253",55217218,"코테츠",0,0,"서울 마포구 독막로3길 28-17",12000,"8000","16000"
"5172",1922788366,"보틀팩토리",0,0,"서울 서대문구 홍연길 26",4300,"3500","5000"
"4715",1724737532,"김둘레순대국 본사직영점",0,0,"서울 마포구 성암로 229-1",9100,"8000","11000"
"2955",1107745521,"쏘맥포차",0,0,"서울 서대문구 증가로10길 41",5900,"3900","7900"
"5056",1873768070,"먹태에 꼬치다",0,0,"서울 마포구 마포대로14길 8",8700,"0","15000"
"4916",1800567439,"늘솜김밥",0,0,"서울 마포구 마포대로4나길 4",3400,"2500","3800"
"643",19878242,"커피쏭",0,0,"서울 마포구 신촌로20길 6",5000,"4000","6000"
"5175",1917836906,"카시코이",0,0,"서울 서대문구 성산로 253-4",17375,"5000","47000"
"1123",32473194,"쿠시무라",0,0,"서울 마포구 와우산로3길 13",7100,"3500","11000"
"2967",1096587987,"걸작떡볶이치킨 신촌점",0,0,"서울 서대문구 성산로 406",13400,"10000","20000"
"5368",1968871399,"고쿠텐 홍대점",0,0,"서울 마포구 월드컵북로4길 26",9200,"1000","15000"
"640",19494374,"디스틸",0,0,"서울 마포구 와우산로15길 10",21000,"20000","22000"
"5256",1953053720,"보승회관 서울신촌점",0,0,"서울 서대문구 연세로5길 26",8500,"8000","9000"
"1934",37792625,"위샐러듀",0,0,"서울 서대문구 이화여대길 52-31",10340,"8900","13900"
"923",31229995,"세시봉",0,0,"서울 서대문구 연세로5가길 32",65800,"9000","250000"
"2618",977775571,"우시야 연남점",0,0,"서울 마포구 동교로38길 33-21",45400,"25000","79000"
"1901",37537036,"금야",1,0,"서울 마포구 와우산로35길 71",18500,"9500","26000"
"253",13160207,"마포원조떡볶이",0,0,"서울 마포구 도화2길 3",1600,"1000","2000"
"743",20851908,"손가네빈대떡",0,0,"서울 서대문구 거북골로 33-10",9000,"5000","13000"
"2731",1041848896,"직구삼 북가좌점",1,0,"서울 서대문구 거북골로21길 52-2",10666.6667,"0","19000"
"3164",1155958484,"엑소김밥",0,0,"서울 마포구 방울내로9안길 71",3000,"2500","3500"
"1210",33127231,"고래국수",0,0,"서울 마포구 양화로18안길 40",6600,"5000","8000"
"2502",775098255,"하나",0,0,"서울 서대문구 연세로7안길 46",9100,"8500","10000"
"590",18771384,"브라우나비",0,0,"서울 마포구 독막로 260",6000,"2500","15000"
"4793",1769873441,"소소가츠",1,0,"서울 서대문구 연희로 93-7",7700,"7000","8500"
"2719",1007350375,"포차스미스 합정점",1,0,"서울 마포구 독막로3길 25",15700,"12900","22900"
"4402",1602621289,"후통",0,0,"서울 마포구 포은로 48",9500,"6000","15000"
"3078",1134878965,"시놉시스커피랩",1,0,"서울 마포구 독막로 92-3",5300,"4500","6000"
"868",21656350,"화통치킨마포1호점",0,0,"서울 마포구 망원로 3",14100,"11900","15900"
"920",30844160,"오렌지김밥",0,0,"서울 서대문구 세무서길 45",2260,"2000","3000"
"1131",32738827,"을지로골뱅이",0,0,"서울 마포구 새창로 14",18600,"13000","28000"
"3152",1155830773,"침사추이누들",1,0,"서울 마포구 어울마당로5길 31",6300,"3000","9500"
"2555",751345286,"주류식당",0,1,"서울 마포구 월드컵로 120-1",25500,"12000","38000"
"3051",1124366262,"쿠시파파",0,0,"서울 마포구 동교로 256-4",22600,"18000","25000"
"1405",35523842,"바다회사랑2호점",1,0,"서울 마포구 동교로 143",45600,"33000","55000"
"4341",1585876438,"금술다방",0,0,"서울 마포구 월드컵로13길 19-23",6100,"5500","6500"
"3268",1194983521,"예체능",0,0,"서울 서대문구 연세로7안길 10",3900,"3900","3900"
"2414",391463659,"훌라훌라",0,0,"서울 마포구 희우정로10길 4",10500,"6000","12500"
"4945",1819988388,"세미네국수집",0,0,"서울 마포구 성암로11길 60",5400,"4000","6000"
"3014",1115420048,"피자빌스",0,0,"서울 마포구 방울내로 24",8600,"8000","10000"
"572",18764615,"고집불통막창",0,0,"서울 마포구 신촌로28가길 29",10200,"6000","25000"
"3886",1404221424,"핵밥 홍대점",1,0,"서울 마포구 잔다리로6길 40-6",9420,"7900","10900"
"1953",37750699,"우리장모님보쌈족발 공덕동점",1,0,"서울 마포구 마포대로8길 19",28520,"18900","36900"
"3300",1209006404,"오쿠보이자카야",0,0,"서울 마포구 월드컵로3길 31-8",18000,"18000","18000"
"1721",37064359,"쌍마막회",1,1,"서울 마포구 토정로 257",64000,"45000","95000"
"675",19846824,"깐부치킨 홍대점",0,0,"서울 마포구 어울마당로 58-1",18200,"17000","19000"
"1778",37417589,"이층집",0,0,"서울 서대문구 연세로7안길 34-6",14380,"4000","29900"
"308",13360128,"원더풀샤브샤브",0,0,"서울 마포구 광성로 28",18400,"16000","25000"
"375",18241106,"대명꼬기",0,0,"서울 서대문구 명물길 27-15",5500,"5500","5500"
"3059",1137957496,"화이어큐브스테이크BOX",0,0,"서울 마포구 광성로 29",8900,"8900","8900"
"715",20601339,"나물먹는곰",0,0,"서울 마포구 잔다리로 20-12",10000,"7000","12000"
"4071",1467112989,"깔롱커피",0,0,"서울 마포구 독막로19길 7-3",4400,"4000","5000"
"3876",1400886168,"갈빗",0,0,"서울 마포구 동교로 262-10",10000,"5000","20000"
"222",13160193,"강세꼬시",0,0,"서울 마포구 도화길 47",31000,"25000","39000"
"4573",1669889609,"비비안수",0,0,"서울 마포구 서강로16길 67",6666.6667,"2000","15000"
"1220",33352885,"칵테일리즘",0,0,"서울 마포구 와우산로29길 40",14000,"12000","15000"
"1184",33409163,"종금양꼬치",0,0,"서울 마포구 대흥로30길 21",14400,"4000","20000"
"1918",37687187,"텃밭",0,0,"서울 마포구 동교로18길 44",6800,"6500","7000"
"1511",36189313,"수제야끼토리이찌고이찌에",0,0,"서울 마포구 신촌로4길 22-8",6500,"3000","14000"
"223",13069270,"서씨네해장국",0,0,"서울 마포구 토정로 290",10740,"700","25000"
"4692",1720697513,"계주집",1,1,"서울 마포구 와우산로13길 2",24400,"20000","30000"
"4506",1650603550,"후포항",0,0,"서울 마포구 백범로 152",63000,"45000","90000"
"3570",1295215054,"남도정식",0,0,"서울 서대문구 가재울로4길 47",17750,"10000","28000"
"1583",36543725,"몬스터브로스커피라운지",0,0,"서울 마포구 와우산로27길 28",4125,"3000","5000"
"39",11663081,"철길왕갈비살",0,0,"서울 마포구 와우산로32길 24",12800,"4000","18000"
"5276",1938863389,"바코포차",0,0,"서울 마포구 독막로3길 35",20800,"16000","32000"
"2510",680770967,"고기좋은날",1,0,"서울 서대문구 모래내로15길 42",10600,"7000","14000"
"1162",32982001,"매뉴팩트커피",0,0,"서울 서대문구 연희로11길 29",4800,"4000","5000"
"1353",34959688,"카페하임",0,0,"서울 마포구 월드컵로25길 26",3160,"2000","3700"
"5069",1876079805,"월하정담",0,0,"서울 마포구 포은로 105",14100,"0","55000"
"2396",308409881,"효봉포차",0,0,"서울 마포구 와우산로18길 12",19600,"17000","22000"
"2428",343259329,"한국인의 술상",0,0,"서울 마포구 양화로3길 21",31500,"28000","35000"
"3610",1304764553,"모모키친",0,0,"서울 마포구 동교로34길 3",18800,"16000","22000"
"1366",34565313,"베러댄알콜",0,0,"서울 마포구 희우정로16길 50",5500,"5500","5500"
"1776",37402110,"청년국수",0,0,"서울 서대문구 연세로12길 23",5900,"5500","6000"
"4045",1452827703,"봉대박스파게티 홍대점",0,0,"서울 마포구 홍익로 10",12320,"6900","22000"
"3151",1147146405,"어사출또 합정역점",0,0,"서울 마포구 독막로 13",17600,"10000","30000"
"480",18356763,"마포곱창타운",0,0,"서울 마포구 동교로27길 20",16000,"12000","22000"
"2445",593715752,"안방마님불고기백반",0,0,"서울 서대문구 명물1길 2",2666.6667,"1000","5000"
"1215",33647333,"빅베어브레드",0,0,"서울 마포구 광성로6안길 16",2666.6667,"1000","4500"
"3186",1179124915,"라 파르벨라",0,0,"서울 서대문구 연희로26가길 15",4000,"0","7500"
"1505",36195803,"아수라발발타",0,0,"서울 마포구 마포대로4나길 7",5000,"3000","8000"
"3444",1249711238,"가마로강정 망원점",1,0,"서울 마포구 월드컵로13길 42",11700,"8000","14500"
"4112",1501199161,"와라야키 혼",0,0,"서울 마포구 독막로9길 18",22800,"19000","29000"
"4881",1817115568,"널벅지횟집",0,0,"서울 서대문구 충정로11길 28",21600,"9000","45000"
"1254",34329107,"돈수백 합정직영점",0,0,"서울 마포구 양화로6길 45",8200,"7500","10000"
"146",12979401,"홍성녹우촌",0,0,"서울 서대문구 세검정로1길 95",22400,"12000","42000"
"5232",1919593204,"삼학도",0,0,"서울 마포구 방울내로11길 4",35000,"20000","70000"
"3473",1253162516,"경의선",0,0,"서울 마포구 신촌로14길 33",8600,"7000","10000"
"162",12958800,"지호한방삼계탕 합정점",1,0,"서울 마포구 월드컵로 31",22400,"14000","55000"
"4301",1594172683,"타이로띠",0,0,"서울 마포구 동교로46길 42-3",9400,"8000","13000"
"351",18204278,"세양원",0,0,"서울 서대문구 충정로 8",8125,"7500","10000"
"1922",37647500,"상수동부대찌개",0,0,"서울 마포구 독막로19길 45-5",7000,"7000","7000"
"1333",34616058,"라무진 성산본점",0,0,"서울 마포구 월드컵북로 77",15200,"7000","27000"
"3024",1141384333,"블랙보틀",0,0,"서울 서대문구 통일로 105",18600,"15000","27000"
"1342",34870376,"달봉비어 홍대점",0,0,"서울 마포구 어울마당로5길 7",10240,"8500","11900"
"3563",1298750788,"돈까스대왕전 이대점",1,0,"서울 서대문구 신촌로 155",11600,"5000","20000"
"467",18304737,"개화 중식",0,0,"서울 마포구 도화길 8-1",9000,"5500","20000"
"509",18750721,"황금성",1,0,"서울 서대문구 홍연길 91",7500,"3500","15000"
"407",18278197,"송림식당",0,0,"서울 서대문구 모래내로 209",8200,"3000","12000"
"5431",1998859981,"올디너리포차",0,0,"서울 마포구 동교로 266-7",20666.6667,"15000","27000"
"1587",36470228,"소안도풍경",0,0,"서울 마포구 와우산로1길 3-13",5000,"0","25000"
"2472",550143427,"레트로게임바",0,0,"서울 마포구 잔다리로 7",4000,"4000","4000"
"4330",1593532987,"더웨이커피",0,0,"서울 마포구 독막로18길 22",5000,"5000","5000"
"4352",1580797941,"순수치킨 홍대점",0,0,"서울 마포구 양화로6길 50",15580,"5000","18900"
"4034",1463102489,"하나비1617",0,0,"서울 마포구 만리재옛길 77",7000,"4000","15000"
"1500",36061176,"달빛아래",0,0,"서울 마포구 백범로24길 11-4",18200,"12000","25000"
"963",31383337,"홍대이층집부대찌개",0,0,"서울 마포구 동교로 182-3",7000,"6500","8000"
"4252",1550561303,"어수선",0,0,"서울 마포구 망원로 96-1",22000,"5000","30000"
"486",18335431,"남원추어탕",0,0,"서울 마포구 광성로 35",12000,"7000","20000"
"4920",1820361832,"혼신꼬치",0,1,"서울 마포구 와우산로38길 4",9000,"3000","19000"
"4174",1519075463,"매반생면 누리꿈스퀘어점",0,0,"서울 마포구 월드컵북로 396",6166.6667,"5000","7000"
"4988",1842859846,"돼지대학교 무한리필",0,0,"서울 마포구 독막로 15",5960,"2000","12900"
"152",12021198,"남원추어탕",0,0,"서울 마포구 월드컵북로 110",12000,"10000","14000"
"4168",1520954284,"도깨비포차",0,0,"서울 마포구 양화로19길 18",19600,"15000","25000"
"3812",1393927574,"멘야하나비 합정점",0,0,"서울 마포구 잔다리로7안길 14",11600,"10000","13000"
"2835",1051418707,"원당감자탕 동교점",0,0,"서울 마포구 홍익로6길 76",26800,"8000","37000"
"4924",1801479849,"돼지야놀자",0,0,"서울 마포구 백범로1길 8",10800,"7000","24000"
"2569",919495042,"아시안쿠진",0,0,"서울 서대문구 수색로2길 30-6",10900,"9500","14000"
"4196",1522635405,"아리랑 야끼니꾸",0,0,"서울 마포구 동교로 156",61600,"22000","118000"
"639",19998265,"이미",0,0,"서울 마포구 동교로25길 7",4900,"4500","5500"
"2276",67730351,"홍미당",0,0,"서울 마포구 신촌로2안길 35",4600,"3800","5500"
"4161",1517900543,"차돌풍 마포점",0,0,"서울 마포구 마포대로 44",5740,"4900","6500"
"409",18248597,"옛날집",0,0,"서울 서대문구 연희로 188-1",15000,"10000","20000"
"3907",1402343726,"대박노가리",0,0,"서울 마포구 도화길 50-10",11400,"8000","15000"
"859",21294123,"한양왕족발",0,0,"서울 서대문구 연세로7길 16-5",31000,"25000","35000"
"4649",1690111004,"쭈꾸미랑순두부",0,0,"서울 마포구 마포대로12길 33",7200,"6000","10000"
"4989",1835315029,"형제소머리국밥",0,0,"서울 마포구 잔다리로 126",12200,"5000","23000"
"3964",1435646824,"땡스오트 연남",0,0,"서울 마포구 성미산로23길 68",7360,"6000","7900"
"1371",35279620,"와커치킨",1,0,"서울 마포구 성미산로17길 92",16000,"16000","16000"
"3112",1144957087,"이배달마약삼겹떡볶이 연남점",0,0,"서울 마포구 연남로11길 44",16800,"14000","20000"
"4962",1831331875,"마냐나",1,0,"서울 서대문구 가재울미래로 2",10600,"8000","16000"
"2139",38342087,"뱅사오",0,0,"서울 마포구 월드컵로14길 50-13",8900,"8900","8900"
"3564",1283915088,"카페소미",0,0,"서울 서대문구 거북골로 8-20",7250,"3500","12000"
"623",19856258,"스시준 신촌점",1,0,"서울 서대문구 성산로 318",58000,"36000","90000"
"2817",1070926739,"멘야준",0,0,"서울 마포구 동교로 128",6500,"1000","10500"
"4455",1638811442,"연남닭발",1,0,"서울 마포구 성암로 219-5",18400,"15000","25000"
"3609",1301114029,"이태리부대찌개 상암점",1,0,"서울 마포구 월드컵북로54길 25",24600,"8000","40000"
"776",20860035,"시골순대",1,0,"서울 마포구 양화로1길 21",10200,"8000","15000"
"3687",1308008441,"본죽 상수역점",1,0,"서울 마포구 독막로 90",11600,"9000","16000"
"1726",37046730,"양평막국수&숯불닭갈비",0,0,"서울 마포구 월드컵북로44길 57",13000,"7000","15000"
"4603",1699071363,"포방돈카",0,0,"서울 서대문구 포방터길 43",6800,"3000","8000"
"2669",1016855848,"설경",1,0,"서울 마포구 망원로7길 31-6",20400,"8000","35000"
"1166",33471612,"상수동블루스",0,1,"서울 마포구 와우산로3길 6",19800,"14000","34000"
"4298",1589445738,"채련당",0,0,"서울 서대문구 연희맛로 17-16",12000,"12000","12000"
"5203",1923946804,"용우동 마포점",1,0,"서울 마포구 토정로31길 23",6600,"6500","7000"
"3765",1355588549,"마포골뱅이전문",0,0,"서울 마포구 만리재로1길 8",7000,"7000","7000"
"1043",31729437,"풀잎향기",0,0,"서울 마포구 와우산로 108",7000,"7000","7000"
"2199",38522000,"서강촌뜨기",0,0,"서울 마포구 백범로 13",5000,"5000","5000"
"1400",35769957,"대창왕족발",0,0,"서울 서대문구 북아현로2안길 2",28000,"24000","35000"
"1367",35168632,"새벽집",0,0,"서울 마포구 월드컵북로 396",7000,"7000","7000"
"3261",1206811382,"신룽푸마라탕 신촌점",0,0,"서울 서대문구 연세로4길 1",3420,"1600","7000"
"2915",1090788640,"슬로우캘리",0,0,"서울 마포구 동교로38길 35",9460,"8700","11500"
"4693",1725669984,"반딧불식당",1,0,"서울 마포구 와우산로 83",8000,"8000","8000"
"5387",1977146115,"더테이블 마포탭룸",0,0,"서울 마포구 마포대로 183-6",10980,"3000","15000"
"1533",36513656,"짬뽕주의",0,0,"서울 서대문구 충정로11길 12",21000,"14000","30000"
"1304",33877466,"더페이머스램",0,0,"서울 마포구 월드컵북로 19",6400,"5500","7000"
"1185",33252942,"해달밥술",0,0,"서울 마포구 연희로1길 15",12400,"0","25000"
"834",21576182,"고기사랑",0,0,"서울 서대문구 충정로4길 26",13600,"7000","20000"
"2674",1023037137,"토파",0,0,"서울 마포구 토정로3길 5",26000,"20000","34000"
"2043",38002599,"느린마을양조장 연남점",0,1,"서울 마포구 동교로 242-5",10200,"6000","15000"
"5430",1998550898,"지나의주방",0,0,"서울 마포구 마포대로 49",5200,"2500","8500"
"1810",37384185,"헬로헬로쑬",0,0,"서울 마포구 와우산로29바길 12",6666.6667,"5000","8000"
"698",20692915,"풍작",0,0,"서울 마포구 와우산로18길 6",8500,"8500","8500"
"5356",1977008067,"여수집",0,0,"서울 마포구 신촌로14길 5",26800,"4000","40000"
"3548",1273502194,"뿔난생돼지",0,0,"서울 마포구 성미산로 24",9900,"9900","9900"
"1556",36721134,"들향기가명지대본점",0,0,"서울 서대문구 증가로10길 11",12000,"8000","28000"
"939",31357230,"푸차이",0,0,"서울 마포구 성암로 189",16800,"7000","35000"
"605",19886529,"레드후라이팬",0,0,"서울 서대문구 거북골로 53-6",4600,"1000","12000"
"165",11885884,"김장독 홍대본점",0,0,"서울 마포구 양화로18길 9",6000,"6000","6000"
"1656",36868748,"크래머리",0,0,"서울 마포구 토정로 31",6200,"5000","7000"
"2363",209253073,"생활맥주 공덕오거리점",0,0,"서울 마포구 독막로 320",6400,"4000","7000"
"1752",37168372,"1976샤브샤브",1,1,"서울 마포구 와우산로 39-13",13000,"11000","14000"
"656",20107932,"닥터빈스 홍대점",0,0,"서울 마포구 신촌로 14",19333.3333,"18000","20000"
"3052",1121613839,"안면도회집",0,0,"서울 마포구 만리재옛길 40",39000,"15000","60000"
"612",19862163,"고바우",0,0,"서울 서대문구 명물1길 22",11200,"5000","20000"
"1094",32762687,"진국수",1,0,"서울 서대문구 이화여대길 78",4500,"3500","6000"
"4235",1554948659,"작업",0,0,"서울 마포구 와우산로13길 19",18120,"14900","21000"
"95",11824573,"종로김밥 신촌역점",0,0,"서울 서대문구 신촌로 127",3500,"3500","3500"
"1313",35021778,"해주면가",0,0,"서울 서대문구 서소문로 27",17333.3333,"7000","35000"
"3239",1177532179,"정미 스시",0,0,"서울 마포구 백범로 199",85000,"70000","100000"
"1320",35150556,"설빙 신촌점",1,0,"서울 서대문구 연세로 19",7540,"4500","10900"
"262",13110509,"천이오겹살",0,0,"서울 마포구 양화로7길 12",6000,"5000","10000"
"694",20378645,"용마루굴다리껍데기",0,0,"서울 마포구 만리재옛길 64",7400,"6000","10000"
"116",11800904,"멕시칸치킨 공덕점",0,0,"서울 마포구 효창원로 244",16200,"15000","17000"
"2005",37997314,"노랑통닭 명지대점",1,0,"서울 서대문구 증가로10길 35",17600,"15000","19000"
"2055",38018617,"홍대낚시꾼",0,1,"서울 마포구 양화로6길 57-20",43333.3333,"30000","60000"
"2630",922916470,"타니",0,0,"서울 마포구 동교로 257",28000,"28000","28000"
"4241",1538059307,"빠삭바삭",0,0,"서울 마포구 월드컵로 111",10700,"2500","15000"
"5229",1924293105,"육구덮밥 연남직영점",0,0,"서울 마포구 성미산로 190-3",12600,"10000","14000"
"1861",37585750,"유",0,0,"서울 서대문구 이화여대길 65-3",9600,"8000","12000"
"1264",33972707,"버들골이야기 상수점",0,0,"서울 마포구 독막로 84",31666.6667,"30000","35000"
"4659",1725920720,"모담",0,0,"서울 서대문구 충정로4길 22-3",35250,"18000","59000"
"2322",160544254,"연화",0,0,"서울 서대문구 통일로9안길 32",7000,"7000","7000"
"1355",35280894,"콩고을",0,0,"서울 마포구 토정로31길 67",8400,"6000","12000"
"5174",1921355362,"10평",0,0,"서울 서대문구 세검정로 19-1",4000,"4000","4000"
"4753",1762789926,"번산셴",0,0,"서울 마포구 와우산로29길 69",21600,"8000","32000"
"107",11732802,"마포곱닭",1,0,"서울 마포구 월드컵로30길 6",25333.3333,"23000","28000"
"3243",1169039308,"올로르",1,0,"서울 마포구 와우산로 116",4500,"4500","4500"
"2341",173427403,"호야",0,0,"서울 마포구 독막로7길 60",8000,"8000","8000"
"2923",1094892394,"해람",0,0,"서울 마포구 백범로1길 21",6000,"6000","6000"
"4587",1686817844,"연희동양꼬치",0,0,"서울 서대문구 연희로 81-5",18200,"12000","28000"
"3977",1430853087,"황곱",0,0,"서울 마포구 어울마당로 149",27400,"21000","32000"
"3777",1362966242,"네가그릴술집",1,0,"서울 마포구 잔다리로6길 20-8",16000,"14000","18000"
"4164",1527559550,"미카도스시 합정역점",1,0,"서울 마포구 월드컵로3길 14",1700,"1700","1700"
"846",21354929,"포메인 홍제점",0,0,"서울 서대문구 통일로 397",16600,"10000","32000"
"956",31342678,"코이키",0,0,"서울 마포구 마포대로11길 7-8",55000,"45000","65000"
"2022",38010159,"신군신양",0,0,"서울 마포구 동교로38길 23",19000,"10000","50000"
"4081",1484555381,"항상좋은날",0,0,"서울 서대문구 세검정로 11",11200,"8000","15000"
"628",19942726,"서강껍데기소금구이소막창",0,0,"서울 마포구 월드컵로 36",11600,"8000","13000"
"4592",1701255711,"어서비어",0,0,"서울 서대문구 연희로 57",15400,"12000","20000"
"3171",1151493796,"설맥 홍대서교점",0,0,"서울 마포구 양화로15길 16",14420,"4500","19900"
"2145",38404891,"꽃피는고기",0,1,"서울 마포구 와우산로13길 49-3",39900,"29500","54000"
"884",21129628,"본전횟집",0,0,"서울 마포구 동교로 68",37500,"30000","45000"
"1256",34069241,"그람",0,0,"서울 마포구 와우산로29바길 9",2700,"0","3500"
"3586",1281364758,"와우왕곱창",0,0,"서울 마포구 와우산로32길 24",15580,"13000","25000"
"2355",106054374,"베를린키친",0,0,"서울 마포구 포은로 86-1",12250,"11000","13000"
"3712",1344669253,"가우",0,0,"서울 서대문구 세검정로 7-1",22400,"16000","38000"
"4256",1560079811,"위아소울메이트",0,0,"서울 마포구 성미산로 190-11",5900,"5000","6500"
"3",11625126,"피자헛 홍제본점",1,0,"서울 서대문구 세검정로 73",23804,"19900","25130"
"1826",37434385,"합정옥",0,0,"서울 마포구 양화로1길 21",19400,"8000","35000"
"1851",37625215,"단독",0,0,"서울 서대문구 충정로5길 6",16200,"14000","22000"
"19",11678955,"레인트리",0,0,"서울 서대문구 이화여대2가길 24",4600,"3500","6000"
"3472",1257173583,"주미당",1,1,"서울 마포구 월드컵북로54길 17",8800,"8000","10000"
"1857",37642015,"마루이",0,0,"서울 서대문구 통일로 432",7500,"4000","15000"
"3566",1282681159,"페르마타",0,0,"서울 서대문구 충정로6길 37",3480,"3200","3800"
"159",12037526,"내고향막창",0,0,"서울 마포구 신촌로12길 29",8333.3333,"2000","12000"
"1929",37842189,"아웃닭 이대점",0,0,"서울 서대문구 이화여대5길 16",18666.6667,"17700","19600"
"770",20848746,"구가네곱창",0,0,"서울 마포구 월드컵북로44길 61",10400,"9000","11000"
"3083",1133945423,"육미전복",0,0,"서울 마포구 독막로 311",12000,"9000","17000"
"2100",38275098,"다북어국",0,0,"서울 마포구 양화로6길 9-6",10750,"7000","18000"
"1889",37592500,"서울큰입탕",0,0,"서울 마포구 도화길 14-5",24000,"8000","45000"
"1251",34239988,"의정부부대찌개",0,0,"서울 마포구 월드컵로10길 36",4800,"1000","8000"
"3381",1227480162,"백야드",0,0,"서울 마포구 월드컵북로2길 37",7460,"1500","15000"
"3714",1345951094,"모범떡볶이1976 서대문점",0,0,"서울 서대문구 충정로9길 12",13400,"5000","28000"
"4888",1816263594,"맹순이포차",0,0,"서울 서대문구 증가로 115",25000,"16000","42000"
"3684",1305337580,"발리문",0,0,"서울 마포구 동교로 248-1",11700,"9500","14000"
"1738",37112587,"동경암",0,0,"서울 마포구 독막로 320",10000,"8000","12000"
"2029",38010009,"포냐향",0,0,"서울 마포구 성미산로 86",8600,"8000","9000"
"5421",1998832713,"숲길해장",0,0,"서울 마포구 대흥로 80-14",21000,"9000","30000"
"3185",1173778112,"홍제찹쌀순대국",0,0,"서울 서대문구 세검정로3길 72-8",7400,"3000","15000"
"3775",1347181466,"루이족발",1,0,"서울 마포구 동교로 48",30000,"24000","34000"
"4518",1651551863,"세아마라탕",0,0,"서울 서대문구 이화여대길 16",4900,"1600","12000"
"5045",1867051094,"119등갈비",1,0,"서울 마포구 잔다리로6길 25",19900,"19900","19900"
"3475",1252882018,"관각",0,0,"서울 마포구 독막로18길 31",7100,"5000","9000"
"1689",37060984,"모과나무카페",0,0,"서울 서대문구 모래내로 231",4700,"3500","6000"
"1877",37542941,"블루나이트",0,0,"서울 마포구 어울마당로 37",76666.6667,"50000","100000"
"1648",37018356,"치킨앤카레군 홍대점",1,0,"서울 마포구 어울마당로 125",32600,"23800","41800"
"4424",1608155874,"홍옥",0,0,"서울 마포구 와우산로14길 4",5000,"5000","5000"
"70",11711946,"부산갈매기",0,0,"서울 마포구 도화길 48-3",10400,"5000","13000"
"2604",975641186,"양찬",0,0,"서울 마포구 도화길 51",16500,"11000","27000"
"5099",1902656426,"자정",0,0,"서울 서대문구 증가로 24",19000,"9000","29000"
"3136",1151847857,"류마카세",1,0,"서울 마포구 포은로 21",25400,"0","45000"
"4438",1648359924,"주막보리밥",0,0,"서울 서대문구 신촌로 17",12200,"7000","16000"
"1338",35228370,"김기엽초밥좋은날 홍대점",1,0,"서울 마포구 와우산로29바길 12",17000,"10000","25000"
"2592",894635738,"김효식당",0,0,"서울 마포구 연남로11길 52",21000,"21000","21000"
"265",13206533,"하나유키",0,0,"서울 마포구 마포대로 25",12600,"12000","15000"
"1657",36939354,"도담",0,0,"서울 마포구 성암로13길 52",32800,"7000","50000"
"3821",1368777426,"왼손과젓가락",0,0,"서울 마포구 월드컵북로 381",8800,"8000","11000"
"569",18792685,"호남돼지한마당",0,0,"서울 마포구 동교로 42",26000,"14000","42000"
"1973",37774411,"국향",0,0,"서울 마포구 신촌로14길 19",7300,"6000","9000"
"386",18257823,"북문아구찜",0,0,"서울 서대문구 연희로26길 32",34000,"12000","45000"
"3449",1247860229,"콩고을",0,0,"서울 마포구 월드컵북로44길 45",8000,"6000","12000"
"194",13154669,"본전회관 가재울본점",0,0,"서울 서대문구 수색로2길 15",14200,"9000","23000"
"2905",1087888499,"웨스트사이드",0,0,"서울 마포구 희우정로20길 36",16100,"13000","17500"
"4418",1609275825,"트라이앵글",0,0,"서울 마포구 와우산로17길 11-5",7500,"7500","7500"
"4638",1705088675,"스시하루야",0,0,"서울 마포구 성미산로2길 43",8000,"0","15000"
"3337",1214722298,"오계절 남원추어탕",0,0,"서울 서대문구 연희로 267",8000,"8000","8000"
"962",31378508,"컬투치킨 연남점",1,0,"서울 마포구 동교로27길 83",16000,"15000","17000"
"4123",1493452262,"이마 이자카야",0,0,"서울 마포구 월드컵북로48길 53",25200,"22000","32000"
"1887",37546779,"타치가와텐",0,0,"서울 마포구 독막로3길 24-6",8900,"8000","10000"
"2700",1017026328,"오불가&이한스시",0,0,"서울 마포구 월드컵로 154-1",15000,"8000","29000"
"2866",1095656540,"라소이",0,0,"서울 서대문구 증가로 13-9",13400,"13000","15000"
"4078",1506363253,"오가네보리밥",0,0,"서울 서대문구 홍은중앙로 100-12",9333.3333,"6000","12000"
"722",20510754,"달콤한거짓말",0,0,"서울 마포구 독막로 61-4",6020,"3500","7300"
"3438",1254682302,"공덕곱창타운",0,0,"서울 마포구 새창로 13-4",20120,"18900","22000"
"2819",1053948268,"다인",0,0,"서울 마포구 동교로 277",9100,"4000","12000"
"2829",1064207034,"빅프라페",1,0,"서울 마포구 연남로3길 40",4880,"3300","6000"
"3874",1396067991,"땅땅치킨 명지대점",1,0,"서울 서대문구 가좌로 102",7880,"0","21900"
"4562",1674636341,"국제양식",0,1,"서울 마포구 양화로1길 38",44800,"27000","59000"
"1381",35150459,"닭발부부",0,0,"서울 마포구 독막로22길 27",8200,"2000","13000"
